EconomyRide,PremiumRide,SharedRide,FoodDelivery,Grocery,RidePass,AirportRide,LateNight,ExtraLuggage
1,0,0,1,0,1,0,1,0
0,1,0,1,1,0,1,0,1
0,0,0,0,0,0,0,0,1
0,0,1,0,0,0,0,0,0
0,0,0,1,0,0,0,1,0
0,0,0,0,0,0,0,0,0
0,0,1,0,1,0,0,0,0
0,1,0,1,0,1,1,0,0
0,0,0,0,0,0,0,0,0
1,1,0,1,0,1,0,0,0
0,1,0,0,0,0,0,1,0
0,1,0,0,0,0,0,0,0
1,0,1,0,0,0,0,0,0
1,0,0,0,1,0,0,1,1
0,0,0,1,0,0,0,0,0
0,0,1,1,1,1,0,0,0
0,0,0,1,0,0,0,1,1
0,0,0,1,0,0,0,0,0
1,1,1,0,0,1,0,1,0
1,1,0,0,0,0,0,0,0
0,1,0,1,0,1,0,0,0
1,0,0,1,0,0,0,0,0
0,0,0,0,1,1,0,1,1
0,1,0,1,0,0,0,0,0
0,0,0,0,0,0,0,1,1
0,1,1,0,0,0,0,1,0
1,1,0,0,0,0,1,1,0
0,0,1,0,0,0,0,0,1
1,1,0,0,1,0,0,0,0
0,1,1,0,0,0,0,1,0
0,0,1,0,0,0,0,0,1
0,0,0,0,1,0,0,1,0
0,1,1,0,0,0,1,1,1
0,1,0,0,0,0,1,1,1
1,0,1,0,1,0,0,1,0
1,0,0,1,0,0,0,0,0
0,0,0,1,0,0,0,0,0
0,1,1,0,0,0,0,1,0
0,0,0,0,0,1,0,1,0
0,1,0,0,1,0,1,0,0
0,0,0,0,0,0,0,0,1
1,0,1,0,0,0,0,0,0
0,1,0,1,0,1,1,0,0
0,0,0,0,0,0,0,0,0
0,0,0,0,0,0,0,1,0
0,1,1,1,0,0,0,0,1
0,0,0,1,0,1,0,1,0
1,0,1,0,0,0,0,0,0
0,0,0,0,0,0,0,0,0
0,0,1,0,1,0,0,0,0
0,1,0,0,0,1,1,0,1
0,1,0,1,0,1,1,1,1
0,0,1,1,0,0,0,0,0
0,0,1,1,0,0,0,1,0
0,1,1,1,1,0,1,0,1
0,0,0,1,0,1,0,0,0
0,0,1,0,1,0,0,1,0
0,1,1,0,0,0,1,0,1
0,0,0,0,0,0,0,1,0
0,1,0,0,1,0,1,1,1
0,0,1,1,0,1,0,0,0
0,0,0,0,1,0,0,0,1
1,0,0,1,0,0,0,1,1
0,0,1,0,0,0,0,1,0
0,0,1,1,0,1,0,1,0
0,0,0,1,1,0,0,1,0
0,1,0,0,0,0,0,0,0
0,0,0,1,0,1,0,0,1
0,1,0,0,1,0,1,0,0
1,1,1,0,0,0,0,0,0
1,0,0,1,0,0,0,0,0
0,0,0,0,0,1,0,0,1
0,0,1,1,1,1,0,0,0
0,1,0,0,0,0,0,0,1
0,0,0,0,0,0,0,0,0
1,0,0,0,1,0,0,1,1
1,0,0,1,0,1,0,0,0
0,0,0,0,0,0,0,1,0
0,0,1,0,1,0,0,0,0
0,0,0,0,0,1,0,0,0
0,1,0,0,0,0,1,0,1
1,1,0,1,0,1,0,0,1
1,1,0,1,0,1,1,0,0
0,0,0,1,1,1,0,0,0
0,1,0,1,0,1,1,0,0
0,0,0,0,0,0,0,0,0
0,0,0,1,1,1,0,0,0
1,1,0,0,1,0,0,0,0
0,1,0,1,0,1,1,0,1
1,1,1,1,0,0,0,0,1
0,1,1,0,0,0,0,1,1
0,0,0,0,1,0,0,0,0
0,1,0,0,0,0,1,0,1
0,1,0,0,0,1,0,1,0
0,0,0,0,0,0,0,0,0
0,0,0,0,0,0,0,0,0
0,0,1,1,1,0,0,1,0
0,0,0,1,1,1,0,1,0
0,0,0,0,0,0,0,1,0
0,0,1,0,0,0,0,0,1
0,1,0,0,0,0,0,0,1
0,0,0,0,0,0,0,1,0
0,0,0,0,0,0,0,1,0
0,0,0,1,0,1,0,0,0
0,0,1,0,1,0,0,0,0
0,1,1,0,0,0,1,0,1
0,0,0,0,0,0,0,0,0
0,1,0,0,0,0,1,0,0
1,0,0,0,1,0,0,0,0
0,0,0,0,0,0,0,0,0
0,1,0,0,0,0,1,0,1
0,0,1,0,1,0,0,0,0
1,0,0,1,1,0,0,0,0
1,1,0,0,0,0,0,0,0
0,0,0,1,0,0,0,1,1
0,0,0,0,0,0,0,0,0
0,0,0,1,0,0,0,0,0
0,1,1,1,0,0,0,0,0
1,0,0,0,0,0,0,0,0
0,0,0,1,0,1,0,1,0
0,0,1,1,0,0,0,0,0
0,0,1,0,0,0,0,0,0
1,0,0,0,0,0,0,0,0
1,0,0,0,0,0,0,0,0
0,1,0,0,0,1,1,1,1
0,0,1,1,0,0,0,0,1
0,1,0,1,0,1,1,0,1
0,0,1,0,0,1,0,0,0
1,1,1,1,0,0,0,1,0
1,0,1,0,0,0,0,0,0
0,0,0,1,1,1,0,1,1
1,1,0,0,0,0,0,0,0
0,0,0,1,0,1,0,0,0
0,0,1,0,1,0,0,0,0
0,0,1,0,1,0,0,0,0
0,1,0,0,0,0,1,0,0
0,1,0,0,0,1,0,0,0
0,0,1,0,0,0,0,0,0
1,0,0,1,1,1,0,0,0
0,0,0,1,0,0,0,0,0
0,0,1,1,0,0,0,0,1
0,1,0,0,0,0,1,0,0
1,0,1,0,1,0,0,1,1
0,0,1,0,0,0,0,0,1
0,1,0,0,0,0,0,0,0
0,0,1,1,1,1,0,0,1
0,1,0,0,0,0,0,0,0
0,1,1,1,0,0,0,0,0
0,0,0,1,0,1,0,1,0
1,0,0,0,1,0,0,0,0
0,1,0,0,0,0,0,0,0
0,0,0,1,0,0,0,0,0
0,0,1,1,1,1,0,0,0
0,1,0,0,0,0,0,0,0
0,1,0,1,0,1,1,0,0
1,0,0,0,1,0,0,0,0
0,1,1,1,0,1,0,0,1
1,0,0,1,1,1,0,1,1
0,0,0,1,0,0,0,0,0
0,0,0,0,0,0,0,0,0
0,0,0,0,0,0,0,0,0
1,0,0,1,0,0,0,0,0
0,0,0,0,1,0,0,1,1
1,0,1,1,0,1,0,0,1
0,0,0,0,0,0,0,0,0
0,1,0,1,1,0,0,1,0
0,0,0,0,0,0,0,1,0
0,0,0,1,1,1,0,0,0
0,1,0,0,0,0,1,1,1
0,0,0,0,0,0,0,1,0
0,1,0,0,1,0,1,0,0
1,1,1,0,0,0,0,0,0
1,0,0,1,0,1,0,1,1
1,1,0,0,0,0,1,0,1
0,0,0,0,0,0,0,0,0
0,1,0,0,1,0,0,0,0
0,0,0,0,0,0,0,0,0
0,0,0,0,0,1,0,0,0
0,0,1,0,1,0,0,1,0
0,0,1,0,0,0,0,0,0
0,1,0,1,0,0,1,0,0
0,0,1,0,1,1,0,0,0
0,1,0,0,0,0,0,0,0
1,1,0,0,0,0,1,0,0
0,0,0,1,0,1,0,0,1
0,0,0,0,1,0,0,0,0
0,0,0,1,0,0,0,0,0
1,1,1,0,0,1,1,0,1
1,0,0,0,1,0,0,0,0
0,0,1,0,1,0,0,1,0
0,0,0,0,0,0,0,1,0
0,0,1,1,0,0,0,1,0
1,0,0,0,1,0,0,1,0
0,0,0,0,0,0,0,1,1
1,1,1,1,1,0,0,0,1
0,1,0,1,0,0,1,0,1
0,0,0,0,1,0,0,1,0
0,0,0,0,1,0,0,0,0
0,1,0,0,1,0,1,0,0
0,1,0,0,0,1,0,0,0
0,0,1,0,0,0,0,0,0
0,1,0,1,0,1,1,0,0
0,0,1,0,0,0,0,1,0
0,1,0,0,0,0,1,0,1
1,0,1,0,0,0,0,1,0
1,0,0,0,0,0,0,0,1
1,1,0,0,1,0,0,1,1
0,0,0,0,0,0,0,0,0
0,1,0,0,1,0,1,1,0
1,0,0,0,0,0,0,0,0
0,0,1,0,0,0,0,0,1
0,1,1,0,1,0,1,0,0
1,1,1,0,0,0,1,0,0
0,1,0,0,0,0,1,0,0
0,0,0,1,0,0,0,1,0
1,0,0,1,0,1,0,0,0
0,1,1,0,0,0,1,1,1
0,0,0,0,0,0,0,0,0
0,0,0,1,0,1,0,0,0
1,1,0,1,0,0,1,1,1
1,1,0,0,0,0,1,0,1
0,0,0,1,1,1,0,0,0
0,0,0,1,0,1,0,0,0
0,0,0,1,1,1,0,0,0
0,0,0,0,0,0,0,1,1
0,0,0,0,0,0,0,0,1
0,1,0,1,0,1,1,0,1
0,1,1,0,1,0,0,0,0
1,0,1,1,1,0,0,0,1
0,0,1,1,1,0,0,0,0
0,0,1,1,0,0,0,0,1
0,0,0,1,1,1,0,0,0
0,0,1,0,0,1,0,0,0
1,0,0,1,0,1,0,0,0
0,1,0,0,0,0,1,0,0
0,0,1,1,1,0,0,0,0
1,1,0,1,0,1,0,0,1
1,0,0,1,0,0,0,1,1
1,0,0,0,1,0,0,0,1
1,1,0,1,0,1,0,0,0
0,1,0,0,0,0,1,1,1
0,1,1,0,0,0,0,1,0
0,0,0,0,0,0,0,0,1
1,0,0,0,0,0,0,1,0
1,1,0,0,0,0,1,0,1
1,0,0,0,0,0,0,0,0
1,0,0,0,0,0,0,1,0
0,1,0,1,0,1,0,1,0
0,0,1,1,0,1,0,0,1
0,1,0,1,0,1,1,0,1
0,1,0,1,1,1,0,1,1
1,0,0,1,0,0,0,0,0
1,1,0,0,0,0,1,0,0
1,1,0,0,0,0,1,0,1
0,1,1,0,0,0,1,0,1
0,1,0,0,0,0,0,0,1
1,1,0,1,0,0,0,0,0
0,1,0,0,1,1,1,1,1
0,1,0,1,0,0,1,0,1
0,1,1,1,0,1,1,0,1
0,0,1,1,0,0,0,1,1
0,0,0,1,0,0,0,0,0
0,0,1,0,0,0,0,0,0
1,1,1,0,1,1,0,0,0
0,1,0,0,0,0,1,0,0
0,1,0,1,0,0,0,0,0
0,0,0,1,0,1,0,0,0
0,0,0,1,1,0,0,0,0
0,1,0,1,0,1,0,0,0
0,0,0,0,1,0,0,0,0
1,0,0,0,1,0,0,0,0
1,1,0,0,0,0,1,0,1
0,1,0,0,1,0,0,0,0
0,1,0,0,0,0,1,0,1
1,1,0,0,0,0,0,0,1
0,0,0,0,0,0,0,0,0
0,1,0,0,0,0,1,0,0
1,0,0,1,0,1,0,0,0
0,1,1,0,1,0,1,0,0
0,0,0,0,0,0,0,0,0
0,1,0,1,1,0,1,0,1
0,0,0,1,0,0,0,1,0
0,0,0,1,1,1,0,1,1
1,1,0,0,0,0,1,0,1
0,0,0,1,0,0,0,1,0
1,0,0,0,1,0,0,0,1
0,0,0,0,0,0,0,0,0
0,1,0,0,1,0,0,0,0
0,1,0,0,1,0,0,0,1
0,0,0,0,0,0,0,1,1
1,0,0,0,0,0,0,0,0
0,1,1,1,1,1,1,1,1
0,1,0,0,0,0,1,0,0
1,0,1,1,1,0,0,0,0
0,1,0,0,0,0,1,0,0
0,0,0,0,1,0,0,1,0
0,1,0,0,1,0,0,0,0
0,0,1,1,0,0,0,1,0
0,0,0,0,0,0,0,1,0
0,0,0,1,0,1,0,0,0
0,1,1,0,1,0,1,1,0
0,0,0,1,0,1,0,0,0
0,1,1,0,0,0,0,0,0
1,0,0,1,0,0,0,0,0
0,0,1,0,0,0,0,0,0
0,1,0,0,1,0,0,1,0
0,0,0,0,0,0,0,1,0
0,1,0,0,0,1,1,1,1
0,0,1,0,0,0,0,0,0
0,1,0,0,0,0,1,0,1
0,1,0,1,0,1,1,0,1
0,0,0,0,0,0,0,0,0
1,1,0,1,1,1,1,0,0
0,0,1,1,0,1,0,0,0
0,0,1,0,0,0,0,0,1
0,0,0,0,0,0,0,0,0
1,1,0,0,0,0,1,1,1
0,0,0,0,1,0,0,0,0
0,1,0,1,1,1,1,0,1
1,1,1,1,0,0,0,0,0
0,1,0,0,0,0,1,0,0
0,1,1,1,0,1,1,0,0
0,0,1,1,0,1,0,0,0
1,1,0,0,0,1,0,0,0
0,0,1,0,0,0,0,0,0
0,0,0,0,0,0,0,0,0
0,0,0,0,0,0,0,0,1
0,0,0,0,1,0,0,0,1
0,1,0,0,0,0,1,0,1
1,1,0,0,1,0,0,0,0
1,0,0,1,0,1,0,0,0
0,0,1,0,0,0,0,0,0
0,1,0,0,0,0,1,1,1
1,1,0,0,1,0,1,0,0
0,0,0,1,0,0,0,1,0
1,1,0,0,0,0,0,0,1
0,0,0,0,1,0,0,0,0
0,0,0,0,1,0,0,1,1
0,0,1,0,0,0,0,0,0
1,0,0,0,0,0,0,0,0
1,0,0,1,0,0,0,0,0
0,0,1,0,0,0,0,0,0
0,1,0,0,0,0,1,1,1
1,0,0,0,0,0,0,0,0
0,1,0,1,0,0,0,0,1
0,0,0,0,1,0,0,0,0
0,0,0,0,0,0,0,0,0
0,0,0,0,1,0,0,0,0
0,1,1,0,0,0,0,0,1
0,0,0,0,0,1,0,0,0
1,0,0,1,0,1,0,0,0
0,0,0,0,0,0,0,1,0
0,1,1,1,0,1,0,1,1
0,0,0,1,1,0,0,0,1
0,0,0,0,1,0,0,0,0
0,1,0,1,0,1,0,0,0
1,1,0,1,0,0,1,0,1
0,0,0,0,0,0,0,1,0
1,1,0,1,0,1,1,0,0
0,1,1,0,0,0,1,1,1
0,0,0,0,0,0,0,0,0
1,1,0,1,0,0,1,1,1
0,1,0,1,0,1,0,0,0
0,0,0,0,1,0,0,0,0
0,0,0,0,1,0,0,1,1
1,0,1,1,0,0,0,0,0
0,1,0,0,0,0,1,0,0
0,1,0,1,0,0,0,0,0
1,0,0,0,0,0,0,0,0
0,0,1,1,0,0,0,0,1
0,1,0,0,0,0,1,0,1
1,0,0,0,0,0,0,0,0
0,0,1,1,0,0,0,0,1
0,1,0,1,0,1,1,0,0
0,0,0,1,0,0,0,0,0
0,1,0,0,0,0,0,0,0
0,1,1,1,0,1,1,0,0
0,0,0,0,0,0,0,0,1
1,0,0,1,1,1,0,0,0
1,1,0,1,0,1,0,0,0
1,0,0,0,0,0,0,0,1
1,0,1,0,0,0,0,1,1
0,1,0,1,0,0,1,1,1
1,0,0,1,0,0,0,1,0
0,0,0,0,0,0,0,0,0
0,0,1,0,0,0,0,1,0
0,0,1,0,0,0,0,0,0
0,0,0,1,1,0,0,1,1
0,0,1,1,0,1,0,0,0
1,1,0,0,0,1,0,0,0
0,1,0,1,0,0,1,0,1
1,0,0,0,1,0,0,1,0
0,0,1,1,0,0,0,0,0
0,1,0,0,0,0,0,1,0
0,1,1,0,0,0,1,0,1
0,1,0,0,0,0,1,0,0
0,1,0,0,0,1,1,1,1
0,0,0,1,0,0,0,1,1
0,1,0,0,0,0,1,1,0
0,1,0,0,0,1,1,1,1
1,0,0,0,1,0,0,0,0
0,0,1,1,1,0,0,0,1
0,0,0,0,0,0,0,0,0
0,0,1,0,0,0,0,1,1
1,1,0,1,0,1,1,0,1
0,0,0,0,0,0,0,1,1
0,1,0,0,1,0,0,0,1
0,1,0,0,0,0,0,0,0
0,0,1,1,1,1,0,0,1
1,1,0,0,0,0,1,0,1
0,1,0,0,0,0,0,1,0
0,1,0,0,0,0,1,0,1
0,1,0,0,1,0,0,0,0
0,0,0,0,1,1,0,0,0
0,0,0,1,0,0,0,0,0
0,0,0,0,1,0,0,1,0
1,1,0,1,0,1,1,0,1
0,1,0,1,0,1,1,0,0
0,1,0,1,1,1,0,0,1
0,1,0,0,1,0,1,0,1
1,1,1,1,0,0,0,0,0
0,0,0,0,0,0,0,0,1
0,1,0,1,0,1,0,0,1
1,1,1,1,0,0,1,0,1
0,0,0,1,1,0,0,0,0
0,1,0,0,0,0,1,1,1
1,1,0,1,0,1,1,0,1
0,1,0,0,1,0,1,0,0
1,0,0,1,0,0,0,0,0
0,0,0,0,0,0,0,0,0
0,0,0,1,0,1,0,1,0
0,1,0,0,0,0,1,0,1
0,0,0,0,0,0,0,0,1
0,1,0,1,0,0,1,0,1
0,1,0,0,0,0,1,0,0
1,0,1,1,1,1,0,0,0
0,1,0,1,1,0,0,0,0
1,1,0,1,0,0,1,0,1
1,0,0,0,0,0,0,1,0
1,0,0,1,1,0,0,0,0
1,0,0,0,0,1,0,1,1
0,1,0,1,0,1,0,0,0
0,1,1,0,0,0,0,1,0
1,0,0,0,0,0,0,0,0
0,0,0,1,0,0,0,0,0
0,1,0,0,0,0,0,1,0
1,0,0,1,1,0,0,0,0
0,0,0,0,0,0,0,0,0
0,1,0,1,1,1,0,0,0
0,1,0,0,1,0,1,1,1
0,0,0,1,0,1,0,0,1
0,0,0,0,0,0,0,1,0
1,0,1,0,1,0,0,0,0
0,1,0,0,1,1,0,0,0
0,0,0,0,0,0,0,0,0
0,1,1,1,0,0,1,1,1
0,0,1,0,0,0,0,0,0
0,0,0,0,1,0,0,0,0
0,1,0,0,0,0,1,0,1
1,1,1,0,0,1,0,0,0
0,0,0,1,0,0,0,0,0
0,1,0,0,1,0,0,1,0
0,0,0,0,0,0,0,0,1
1,0,0,0,0,0,0,1,0
0,1,1,0,1,0,1,0,0
1,0,0,1,0,0,0,0,0
0,0,0,0,0,0,0,0,0
1,1,0,0,0,0,1,0,1
0,1,1,0,1,0,0,0,1
0,0,0,0,0,0,0,0,0
0,0,0,1,1,1,0,0,1
0,1,1,0,0,0,0,1,0
1,0,0,0,0,0,0,0,1
0,0,0,1,0,1,0,0,0
0,0,0,0,1,0,0,0,1
0,1,0,0,0,0,1,1,1
0,0,0,1,0,1,0,0,1
0,1,0,1,0,1,1,1,1
1,0,0,0,0,0,0,0,1
0,0,1,1,1,1,0,0,0
0,1,0,0,0,0,1,0,1
0,0,0,1,0,0,0,0,0
0,1,0,0,1,0,1,0,0
0,1,1,1,0,1,1,0,1
1,0,0,1,0,1,0,0,0
0,0,0,1,0,1,0,0,0
0,1,1,1,0,1,1,0,0
1,1,0,0,0,0,1,1,1
0,1,0,0,0,0,0,0,0
1,1,0,0,0,0,0,0,1
1,1,0,0,0,0,0,0,0
0,1,0,0,0,0,0,0,0
0,0,0,0,1,1,0,0,0
1,0,1,0,0,0,0,0,0
1,1,0,0,0,0,1,0,1
1,1,0,1,0,0,1,0,1
0,1,0,0,0,1,1,0,0
0,0,1,0,1,0,0,1,0
0,0,1,1,1,1,0,1,0
0,1,0,0,0,0,0,0,0
1,1,0,0,0,1,0,0,1
0,1,0,1,0,0,1,1,0
0,0,0,0,0,0,0,0,0
1,0,0,0,0,0,0,0,0
0,0,0,0,0,0,0,0,0
0,0,1,1,1,1,0,0,0
0,0,0,1,0,1,0,1,0
0,1,0,1,0,1,1,0,1
0,1,0,1,0,1,0,0,0
0,0,1,1,1,0,0,0,1
0,0,0,0,0,0,0,0,1
0,1,0,0,0,1,1,0,1
0,1,0,1,0,0,0,0,1
1,1,0,0,0,0,1,0,1
0,1,0,0,0,0,1,0,1
0,1,0,0,0,0,0,0,1
0,1,0,1,1,1,0,1,0
0,1,0,0,1,0,0,0,0
0,0,1,1,0,0,0,1,1
0,1,0,0,0,0,0,0,0
0,1,0,1,1,0,1,0,1
0,0,0,0,1,0,0,1,0
0,1,0,0,0,0,1,0,1
0,1,0,0,0,0,0,0,1
1,1,0,0,0,0,0,0,0
1,0,0,1,1,0,0,1,0
1,0,0,0,0,1,0,0,0
1,1,0,1,0,0,0,0,1
0,1,1,0,0,1,0,1,0
1,1,1,0,0,0,0,0,1
0,1,1,0,1,1,1,0,1
0,0,1,0,0,0,0,0,1
0,1,0,0,1,0,0,0,0
0,1,0,0,1,0,1,0,1
0,0,0,0,1,0,0,1,0
0,0,0,0,1,0,0,1,1
0,1,0,1,1,0,1,0,1
1,1,1,0,0,0,1,1,0
0,0,0,0,1,0,0,0,1
0,1,0,0,1,1,1,0,1
0,1,1,0,0,0,1,1,0
0,1,0,1,0,1,1,1,0
1,0,0,0,0,1,0,0,0
1,1,0,0,0,0,1,1,1
0,1,0,0,1,0,0,0,0
0,0,1,0,0,0,0,0,0
0,0,1,0,1,0,0,1,0
0,0,1,0,0,0,0,1,0
0,1,0,0,1,0,1,0,1
0,1,0,1,1,1,0,0,0
1,0,0,1,0,0,0,0,0
0,0,0,0,0,0,0,0,0
0,0,1,0,0,0,0,0,0
0,1,1,1,0,1,0,0,0
0,0,0,0,1,0,0,0,0
0,0,0,0,1,0,0,1,0
1,1,0,0,1,0,0,0,0
0,0,0,1,1,0,0,0,0
0,0,0,0,0,1,0,0,1
1,0,0,0,0,0,0,0,0
0,0,0,0,0,0,0,0,0
0,0,0,0,0,0,0,0,0
0,1,0,1,0,0,1,0,0
0,0,0,0,0,0,0,1,0
0,0,0,0,0,1,0,0,0
0,1,1,1,0,0,0,1,0
0,1,0,1,0,1,0,0,0
1,0,0,0,0,0,0,0,0
0,1,0,0,0,0,0,1,0
0,0,0,0,1,0,0,1,1
0,0,0,1,0,0,0,0,0
0,0,1,1,0,1,0,0,0
1,1,0,0,1,0,0,0,1
1,1,1,1,0,0,1,0,1
1,0,0,0,0,0,0,1,0
1,1,0,0,0,0,1,0,0
0,1,0,0,0,0,0,0,0
0,0,0,0,0,0,0,1,0
1,0,0,0,0,0,0,0,0
0,0,1,1,0,1,0,1,0
0,0,0,0,0,0,0,0,1
0,1,0,0,0,1,1,0,0
0,0,0,1,0,1,0,1,0
0,0,0,0,1,0,0,0,1
0,1,0,1,0,0,0,0,0
0,1,0,1,0,1,1,0,1
0,0,0,0,0,0,0,0,0
0,0,0,1,0,1,0,0,0
0,1,0,0,0,0,1,0,1
1,0,0,0,0,0,0,1,1
0,0,0,0,0,0,0,1,0
0,1,0,1,0,0,1,0,0
0,0,0,1,0,0,0,0,1
0,0,0,1,0,0,0,0,0
0,0,0,0,0,0,0,0,0
0,0,0,0,0,0,0,0,1
0,0,0,1,0,1,0,0,1
0,0,0,0,1,0,0,1,0
0,0,1,0,0,1,0,0,0
0,1,1,0,0,0,1,0,1
0,1,0,0,0,0,0,1,0
0,0,0,0,0,0,0,0,1
0,1,0,0,0,0,0,0,0
0,0,0,0,1,0,0,1,0
0,1,0,0,0,0,1,0,1
0,0,0,1,1,0,0,0,0
0,0,0,1,0,1,0,1,0
1,0,0,0,0,0,0,0,0
0,0,0,0,0,0,0,0,1
1,0,0,0,1,0,0,1,1
1,1,1,1,0,1,0,0,0
0,0,1,0,1,0,0,1,0
1,0,1,1,0,1,0,1,1
0,1,0,0,0,0,1,0,1
0,0,0,0,1,0,0,0,1
1,1,0,0,0,0,1,0,0
0,0,0,1,1,0,0,1,0
0,0,0,1,1,0,0,0,0
1,0,0,0,0,0,0,1,0
0,1,1,0,0,0,0,1,0
1,0,0,0,0,0,0,1,0
0,1,0,0,0,0,1,1,1
0,1,0,0,0,0,1,0,1
0,0,0,0,1,0,0,0,0
0,1,0,0,0,0,0,1,0
0,0,0,1,0,1,0,0,0
0,0,0,1,1,1,0,1,0
0,0,0,0,0,1,0,0,1
0,0,0,1,0,0,0,0,1
0,1,0,0,1,0,1,0,1
1,1,1,1,0,1,0,0,0
0,1,1,0,0,0,1,0,1
0,1,1,1,1,0,1,0,1
0,0,1,0,0,0,0,0,0
1,1,0,0,0,0,1,0,1
0,1,0,0,0,0,1,0,1
1,0,0,0,0,0,0,0,0
0,0,0,1,0,1,0,0,0
0,0,0,1,0,1,0,0,0
1,0,0,0,0,0,0,0,0
1,1,0,0,0,0,0,0,1
1,0,0,1,0,1,0,0,0
1,1,0,1,1,0,0,0,0
0,1,1,1,1,1,0,0,0
0,1,0,1,0,0,1,1,1
0,1,0,0,0,0,1,0,1
0,0,0,1,0,0,0,1,1
0,1,0,1,0,1,1,0,1
0,0,1,0,0,0,0,0,0
0,1,0,1,1,0,1,0,1
0,1,0,0,0,0,1,0,1
1,1,1,1,0,0,1,0,1
1,0,0,1,0,0,0,1,0
0,0,0,1,0,1,0,0,0
1,0,0,0,0,0,0,0,0
0,0,0,0,0,0,0,0,0
0,0,0,0,0,0,0,1,0
0,1,0,0,0,0,1,0,0
0,0,1,0,0,0,0,1,0
0,0,0,0,1,0,0,0,0
0,0,0,1,0,1,0,0,0
0,0,0,1,0,1,0,0,0
0,1,1,0,0,0,0,0,0
0,1,0,0,0,0,1,0,1
1,0,0,0,0,0,0,0,0
0,1,0,1,0,0,1,0,1
0,0,0,1,1,0,0,0,0
0,1,0,0,0,0,0,0,0
1,0,0,0,0,0,0,1,0
0,0,1,0,1,0,0,0,0
0,0,0,1,0,0,0,0,1
1,0,1,0,0,0,0,1,0
0,1,0,1,0,1,1,0,1
1,1,0,1,0,1,1,0,1
0,1,0,1,1,0,1,0,1
0,1,0,0,0,1,1,0,1
0,0,1,0,0,0,0,0,0
0,0,0,0,1,0,0,1,0
0,0,0,0,0,0,0,0,1
0,0,0,0,1,0,0,0,1
0,0,0,0,0,0,0,0,0
0,0,1,0,0,0,0,0,0
1,1,0,0,0,0,1,0,1
0,1,0,0,0,0,1,0,1
0,1,0,1,0,1,1,0,1
1,1,1,0,1,0,0,0,0
0,0,0,0,0,0,0,0,0
0,0,0,0,0,1,0,1,0
0,1,0,0,1,1,1,1,1
0,1,0,0,0,0,0,1,0
1,1,0,1,0,1,0,0,0
0,1,0,0,0,0,1,0,1
1,0,0,1,0,0,0,0,0
0,0,0,0,0,0,0,0,0
0,1,0,0,0,0,0,0,0
0,1,1,0,0,0,0,0,0
1,1,1,1,0,0,1,0,1
1,0,0,1,1,1,0,0,1
0,1,0,1,0,0,0,0,1
0,1,0,0,0,0,1,0,1
0,0,1,0,0,0,0,0,0
1,0,0,0,1,0,0,0,0
0,0,0,0,0,0,0,0,0
1,1,0,0,1,0,0,0,0
0,0,0,1,0,0,0,0,0
0,0,0,1,0,0,0,0,0
1,0,1,0,0,0,0,0,0
0,0,0,0,1,0,0,0,0
1,0,0,0,1,0,0,1,1
0,0,0,1,0,0,0,0,0
0,0,1,0,0,0,0,1,0
0,1,0,1,0,0,0,0,0
0,0,0,0,0,0,0,0,0
0,0,0,0,0,0,0,0,0
1,0,1,1,1,0,0,0,0
0,1,0,1,0,0,1,0,1
1,0,0,0,0,0,0,0,0
0,0,1,0,0,0,0,0,0
0,1,0,0,0,0,1,0,1
1,1,0,0,0,0,1,0,0
1,0,0,0,0,0,0,0,0
0,1,1,0,0,0,0,0,0
1,0,0,0,0,0,0,1,0
0,1,0,0,0,0,1,0,1
0,0,0,1,1,1,0,0,0
0,0,0,0,0,0,0,0,1
0,0,0,1,0,1,0,0,0
0,1,1,1,0,1,0,0,0
1,1,0,0,1,0,1,0,1
0,1,0,0,0,1,1,0,1
1,0,0,1,0,1,0,0,0
1,0,0,1,1,1,0,0,0
1,0,1,0,1,0,0,0,0
0,1,0,0,0,0,1,0,1
1,1,0,0,0,0,1,0,1
1,1,0,0,0,0,1,0,0
0,1,0,0,1,0,0,0,0
0,0,0,1,0,1,0,0,0
0,1,0,1,1,0,1,0,0
1,0,0,0,0,0,0,1,0
0,1,0,1,1,1,0,1,1
0,0,0,0,0,1,0,0,0
0,0,0,0,0,0,0,0,1
0,0,0,0,0,0,0,0,0
0,0,0,0,1,0,0,0,0
1,1,1,0,1,0,0,0,1
0,1,0,1,0,0,1,0,1
1,1,0,0,0,0,0,0,0
0,1,0,0,0,0,1,1,1
0,0,1,0,0,0,0,1,1
0,0,0,0,0,0,0,0,1
0,0,0,0,0,0,0,0,0
0,0,0,0,1,0,0,1,0
0,0,0,0,0,1,0,0,1
0,1,0,1,0,1,0,0,0
0,0,0,0,0,0,0,0,0
0,1,1,0,0,0,1,1,0
1,1,0,0,0,0,0,0,0
1,1,0,1,0,0,0,0,0
1,0,0,0,1,0,0,1,0
1,0,1,1,1,0,0,0,0
0,0,0,0,0,0,0,0,1
1,0,1,0,1,1,0,0,0
0,0,0,0,0,0,0,0,0
0,1,0,0,0,0,1,0,1
1,1,1,1,0,1,0,0,0
0,0,0,1,0,0,0,1,0
0,0,0,1,0,1,0,0,0
0,0,0,0,1,0,0,0,0
0,0,0,0,0,0,0,0,0
0,1,0,1,0,0,0,0,0
0,0,0,0,0,0,0,1,0
0,0,0,1,1,1,0,1,0
0,0,0,0,0,0,0,0,0
0,1,0,0,1,0,1,0,1
0,0,0,0,0,0,0,0,0
0,0,1,0,1,0,0,0,0
1,0,0,1,0,0,0,0,0
1,0,0,0,0,0,0,0,0
0,0,0,1,0,1,0,0,1
0,0,0,0,1,0,0,0,0
0,1,0,0,0,0,0,1,0
0,0,0,0,0,0,0,0,0
0,1,0,1,0,1,1,0,1
0,0,0,0,0,0,0,1,0
0,0,0,1,0,1,0,0,0
0,0,0,0,1,0,0,0,0
0,0,1,0,1,0,0,0,0
0,0,0,0,1,0,0,0,0
0,1,0,1,0,1,0,1,0
0,0,0,1,0,1,0,1,0
1,1,0,1,1,0,1,0,1
0,0,0,1,1,1,0,1,0
1,1,1,0,1,1,1,0,1
1,1,0,0,1,0,1,0,0
1,0,0,1,0,0,0,1,0
0,1,0,0,0,0,1,0,0
0,0,0,0,0,0,0,1,1
0,0,0,0,0,0,0,0,0
0,1,1,0,0,0,0,0,0
0,0,0,0,0,0,0,0,0
0,1,0,0,0,0,0,0,1
1,0,0,0,1,0,0,0,0
0,0,0,0,1,0,0,0,1
0,0,0,1,0,0,0,0,1
0,0,1,0,0,0,0,0,0
0,0,0,0,0,0,0,0,0
1,0,0,1,1,0,0,1,0
1,1,0,1,0,1,0,0,0
0,1,0,1,0,1,0,1,0
0,1,0,0,1,0,0,1,0
1,0,0,0,1,1,0,0,0
0,1,0,1,0,0,0,0,0
1,0,0,1,1,1,0,1,0
0,1,0,0,1,0,0,0,0
1,1,0,1,0,0,0,0,1
1,1,0,1,0,0,1,0,1
0,1,0,0,0,0,0,0,0
0,1,0,1,0,0,1,0,0
0,1,0,1,0,0,1,0,1
0,1,0,0,1,0,1,0,1
0,0,0,1,1,0,0,0,1
0,0,0,0,0,1,0,0,1
0,1,0,0,0,0,0,0,0
1,0,0,0,1,0,0,0,1
1,0,1,0,0,1,0,0,0
1,1,0,0,0,0,1,0,1
1,0,0,0,1,0,0,0,0
0,0,0,0,0,0,0,0,0
0,0,0,0,0,0,0,0,0
0,1,0,0,0,0,1,1,1
0,1,0,1,0,0,1,0,0
0,1,0,1,1,0,1,0,1
0,0,0,0,0,0,0,0,0
0,1,0,0,0,0,0,1,0
0,1,0,1,1,0,1,0,0
0,0,0,1,0,0,0,0,0
0,0,1,0,1,0,0,0,0
1,0,0,0,1,0,0,0,0
0,1,1,1,1,1,1,1,1
0,0,0,0,0,0,0,0,0
1,0,0,1,0,0,0,1,0
0,1,1,0,1,0,0,0,0
0,1,0,0,0,0,0,1,1
1,1,1,0,0,0,1,0,1
1,0,0,0,1,0,0,1,1
0,1,0,0,1,1,1,0,1
0,0,1,0,0,0,0,0,1
0,0,0,0,0,0,0,0,1
0,0,0,0,0,0,0,0,0
0,0,1,1,1,1,0,0,0
0,0,1,0,0,0,0,1,0
1,0,1,0,0,1,0,0,0
0,0,0,0,1,1,0,1,0
0,1,0,0,0,1,0,0,0
0,0,1,1,1,0,0,0,0
0,0,0,1,0,1,0,1,0
1,1,0,1,0,1,1,0,1
1,0,0,0,0,0,0,0,0
0,1,0,0,0,0,1,1,1
0,1,1,0,0,0,1,0,0
0,0,0,0,0,0,0,0,1
0,0,1,1,0,0,0,0,0
0,1,0,0,0,0,0,1,1
1,0,0,0,0,0,0,0,1
0,1,1,1,1,0,0,0,1
1,1,0,1,1,1,0,0,1
0,1,0,0,0,0,0,0,1
0,1,1,0,1,0,1,0,1
0,0,1,0,1,0,0,0,0
0,1,0,1,0,1,0,0,1
0,0,0,0,0,0,0,0,0
0,1,0,0,1,0,1,1,0
0,0,0,1,0,0,0,1,0
1,0,0,0,0,1,0,0,0
0,1,1,1,0,0,1,0,0
0,0,0,0,1,0,0,0,0
0,0,0,0,0,0,0,0,1
0,0,0,0,0,0,0,0,1
1,0,0,0,0,0,0,0,1
0,0,0,0,0,0,0,0,0
1,1,0,0,1,0,1,1,1
0,0,0,0,0,0,0,0,0
1,1,1,1,0,1,1,0,1
0,0,1,0,0,0,0,0,0
0,0,0,1,1,0,0,0,1
0,1,0,1,0,0,0,1,0
0,1,0,0,0,0,0,1,0
0,0,0,0,0,0,0,0,0
0,0,1,0,0,0,0,0,0
0,0,1,1,0,0,0,0,0
0,1,0,0,0,0,1,0,1
1,0,0,1,1,1,0,0,0
0,1,1,1,1,0,1,0,1
0,1,0,1,0,0,0,0,0
0,0,0,1,0,0,0,0,1
0,1,1,1,1,0,1,0,1
0,1,1,1,1,0,1,0,1
0,0,0,1,0,1,0,0,0
1,0,0,0,0,0,0,0,0
0,1,0,0,0,1,0,0,1
1,0,1,0,1,0,0,1,0
0,0,0,0,0,0,0,0,0
0,1,1,0,0,0,1,0,0
1,0,1,0,0,0,0,0,0
0,1,1,0,0,0,0,0,0
0,0,0,0,1,0,0,0,0
0,1,0,0,0,0,1,0,1
1,0,0,0,0,1,0,0,0
0,0,1,0,0,0,0,0,1
1,0,0,1,1,1,0,0,0
0,0,0,0,0,0,0,0,1
0,1,0,1,0,0,1,1,0
0,1,1,0,0,0,0,0,0
1,0,1,1,1,0,0,0,1
0,0,0,0,1,0,0,0,1
0,1,0,0,0,0,0,0,0
0,0,0,0,0,0,0,0,0
0,0,1,1,0,0,0,0,0
0,0,0,0,1,0,0,0,0
0,0,0,1,0,1,0,0,1
0,0,0,0,0,0,0,0,1
0,1,1,1,1,1,1,0,0
0,0,0,0,0,0,0,0,0
0,1,0,0,0,0,1,0,1
1,0,0,1,0,1,0,1,1
1,0,0,1,1,0,0,0,0
0,0,1,1,0,1,0,0,1
0,0,1,1,1,0,0,0,0
0,0,0,1,0,1,0,0,0
0,0,0,1,0,1,0,0,0
0,0,1,0,0,0,0,0,0
1,0,1,1,0,1,0,0,0
0,0,0,0,1,0,0,0,1
0,0,1,0,0,0,0,0,1
0,1,0,0,0,1,1,0,1
0,1,0,0,0,1,0,0,0
0,1,0,0,0,0,1,1,1
1,0,0,0,0,0,0,0,0
1,1,0,1,0,1,0,1,1
0,1,0,1,0,0,0,0,1
1,1,0,0,0,0,0,0,0
0,0,0,0,1,0,0,0,0
1,0,1,1,0,1,0,0,1
0,0,1,1,0,1,0,0,1
1,1,1,1,0,1,1,0,0
0,0,1,1,1,0,0,1,0
0,1,1,0,0,0,0,0,0
1,1,0,1,0,1,1,0,1
0,1,0,0,0,0,0,1,0
0,1,0,1,0,0,1,0,1
0,1,0,1,1,1,1,0,1
0,0,0,0,1,0,0,0,0
0,0,0,1,1,1,0,1,0
0,0,1,0,0,0,0,0,0
1,0,0,0,1,0,0,1,1
1,0,0,1,1,1,0,0,1
0,1,1,0,0,0,1,1,1
1,0,1,0,0,0,0,0,0
1,1,0,1,0,1,1,0,0
0,1,0,0,1,0,0,1,1
0,1,0,1,0,1,1,0,1
0,0,0,0,0,1,0,0,0
0,0,0,0,0,0,0,1,1
0,0,0,1,0,0,0,0,0
0,0,0,0,0,0,0,0,0
1,0,1,1,0,1,0,0,1
0,0,0,1,0,0,0,1,0
0,1,0,0,0,0,1,0,0
0,1,0,0,0,1,0,1,0
1,1,0,0,0,0,1,1,1
0,1,0,1,1,0,0,0,1
1,0,0,0,1,0,0,1,1
0,1,0,0,0,0,1,1,1
0,0,0,0,0,0,0,0,0
0,0,0,0,0,0,0,0,0
0,1,0,0,0,0,0,0,0
1,1,1,0,0,0,0,0,0
0,0,0,1,0,0,0,1,1
0,1,1,0,1,0,1,0,1
0,0,0,0,0,0,0,0,1
1,1,0,0,1,0,0,1,0
0,0,1,0,0,0,0,0,0
0,0,0,1,0,1,0,0,0
0,1,1,0,0,0,0,1,0
0,1,1,1,0,0,0,0,0
1,0,0,1,0,0,0,0,1
1,1,0,0,1,1,0,0,0
1,1,0,1,1,0,1,0,1
0,0,0,0,0,0,0,0,0
0,0,0,0,0,0,0,0,1
0,0,0,1,0,0,0,0,0
0,1,0,0,0,1,0,0,0
0,1,0,0,0,0,0,0,0
0,0,0,1,0,1,0,1,0
0,0,0,1,0,1,0,0,1
0,1,0,0,1,0,0,1,1
1,0,0,0,1,0,0,1,1
1,0,0,1,0,1,0,1,0
1,0,1,0,0,0,0,0,0
1,1,0,0,0,1,1,0,0
0,0,0,0,0,0,0,0,0
1,0,0,0,0,0,0,0,0
0,0,0,0,0,0,0,0,0
0,1,1,0,0,0,0,0,0
1,1,0,1,0,1,1,0,1
1,0,0,0,0,0,0,0,0
0,0,0,0,1,0,0,0,0
1,1,0,1,0,0,1,1,1
0,1,0,0,0,0,0,0,0
0,1,0,0,0,0,0,0,0
0,0,0,0,0,0,0,0,1
1,1,0,1,0,1,1,0,0
0,0,0,0,0,1,0,1,0
1,0,0,0,0,0,0,0,1
0,0,0,1,1,1,0,0,0
0,1,0,1,1,0,1,1,0
0,1,0,0,0,0,0,0,0
0,1,0,0,0,0,0,0,0
0,1,1,1,1,1,1,0,1
1,0,0,1,0,0,0,1,1
0,1,0,0,0,0,0,0,0
0,1,1,0,0,0,1,0,0
0,0,0,1,0,1,0,1,0
0,0,1,0,0,0,0,0,0
1,1,0,1,0,1,0,0,1
0,1,0,0,0,0,1,0,0
0,0,0,0,1,0,0,0,0
0,1,1,0,1,0,0,0,0
0,0,0,0,0,0,0,1,0
1,1,1,0,0,0,0,0,0
1,0,0,0,0,0,0,0,0
0,1,0,0,0,0,1,0,1
1,0,0,1,0,0,0,0,0
0,0,0,0,0,0,0,0,0
0,1,0,0,0,0,1,1,1
0,1,0,1,0,1,1,1,0
0,0,1,0,1,0,0,0,0
0,0,1,1,0,0,0,0,0
1,1,0,0,0,1,1,0,0
1,1,0,0,0,0,1,0,1
1,1,0,0,1,0,1,0,1
1,1,0,0,0,0,1,1,0
0,1,0,1,1,1,1,0,0
1,0,1,1,1,1,0,0,0
0,1,0,1,0,0,1,0,1
0,1,1,1,1,0,0,0,0
0,1,0,1,1,0,0,0,0
0,1,0,0,0,0,1,1,1
0,0,0,0,0,0,0,0,1
0,0,1,1,1,0,0,0,0
1,1,0,0,0,1,0,0,0
0,1,0,1,0,1,1,0,0
0,0,0,0,1,0,0,0,0
0,1,0,0,1,1,1,0,0
0,1,0,0,1,0,1,1,1
0,0,0,0,0,0,0,0,0
1,1,1,0,0,0,0,0,1
0,0,1,1,0,0,0,0,1
0,0,0,0,0,0,0,1,0
0,0,1,1,1,0,0,0,0
0,0,0,1,0,1,0,0,0
1,0,0,0,0,0,0,0,0
0,0,0,0,1,0,0,0,0
1,0,1,0,1,0,0,0,0
0,1,0,0,0,0,1,0,1
0,1,0,0,0,0,1,0,1
0,0,0,1,0,1,0,0,0
0,0,0,1,1,0,0,0,0
1,0,0,0,1,0,0,0,0
1,0,0,0,0,0,0,1,0
1,1,1,0,1,0,0,1,0
0,1,0,1,1,0,0,0,0
0,0,0,0,0,0,0,0,0
1,0,0,1,0,0,0,1,0
0,1,0,0,0,0,1,0,0
1,1,1,1,0,1,0,1,0
0,0,0,0,0,0,0,1,0
0,1,0,0,0,0,1,0,1
0,1,0,1,0,1,1,0,0
1,1,1,0,1,1,0,1,1
0,1,1,1,1,0,0,0,1
0,0,0,1,0,1,0,0,0
0,1,1,0,0,0,1,0,0
0,0,0,0,0,0,0,1,1
0,0,0,0,0,0,0,0,0
0,1,1,0,1,0,1,1,1
0,0,0,0,0,0,0,0,0
0,1,0,0,0,0,1,0,1
0,0,1,0,0,0,0,0,0
0,1,1,0,1,0,1,0,1
0,1,0,1,0,1,1,0,0
0,0,0,1,0,1,0,1,0
0,0,0,0,0,0,0,0,0
0,1,1,0,0,0,0,0,1
0,1,0,0,0,0,0,0,0
0,0,0,1,1,1,0,0,0
0,1,1,1,0,0,1,1,1
0,0,0,0,0,0,0,1,0
0,0,0,0,0,0,0,0,0
1,0,0,1,0,0,0,0,0
0,0,0,0,1,0,0,0,0
0,0,0,1,0,0,0,0,0
0,0,0,0,0,0,0,0,0
0,1,0,0,0,0,0,0,0
1,1,1,0,1,0,0,0,1
0,0,0,0,0,0,0,0,0
0,0,0,1,1,1,0,0,0
0,0,0,1,1,0,0,0,0
1,0,0,0,0,0,0,0,0
0,0,1,0,0,0,0,0,0
1,1,0,0,0,0,0,0,0
0,1,0,1,0,0,0,0,1
0,0,0,0,0,0,0,0,0
0,0,0,0,1,0,0,0,0
0,0,0,0,0,0,0,0,1
0,0,1,0,1,0,0,0,0
1,0,0,0,1,0,0,0,0
0,1,0,0,0,0,0,0,0
0,0,1,0,0,1,0,0,0
0,0,0,0,0,1,0,0,0
1,0,0,1,0,1,0,1,0
0,0,0,1,0,0,0,0,0
0,1,0,0,1,0,1,1,1
0,0,0,0,0,0,0,0,0
0,1,0,0,1,0,0,1,0
0,0,1,1,0,1,0,1,0
0,0,0,0,0,0,0,1,0
0,1,0,1,1,1,1,1,1
0,0,0,0,0,0,0,0,0
1,1,0,1,1,1,1,0,1
1,1,0,0,1,0,1,0,1
0,0,0,1,0,1,0,0,0
1,1,0,0,0,0,0,1,0
0,1,0,1,0,0,1,0,0
1,0,0,0,0,1,0,0,1
0,0,1,1,0,0,0,1,0
0,0,0,1,1,1,0,0,0
1,1,1,0,0,0,1,0,1
1,1,0,1,0,0,0,1,0
0,0,0,1,1,1,0,0,0
1,0,0,0,0,0,0,0,0
1,0,1,0,0,0,0,0,1
0,0,1,0,0,0,0,0,1
0,0,0,0,0,0,0,1,0
0,1,1,0,0,0,0,0,1
0,0,0,1,0,1,0,1,0
0,1,0,0,0,0,0,0,1
0,0,0,0,0,0,0,0,0
0,1,0,1,0,1,1,0,1
0,1,0,1,0,1,0,1,0
0,0,0,0,0,0,0,1,1
0,0,0,1,1,0,0,0,0
0,0,0,1,0,1,0,0,0
1,1,0,0,1,0,1,0,1
0,0,0,0,1,1,0,0,1
0,0,0,0,0,0,0,0,0
0,0,0,0,1,0,0,0,0
0,1,0,0,0,0,0,1,0
0,0,0,1,0,1,0,0,1
0,0,1,1,0,1,0,0,0
1,0,0,1,1,0,0,0,0
0,0,0,0,1,0,0,1,0
0,1,0,0,0,0,0,0,1
0,1,1,0,0,0,0,0,0
1,0,0,0,0,0,0,1,1
0,1,0,0,0,1,0,0,0
1,1,0,1,0,0,0,0,0
0,1,0,0,0,0,1,0,1
0,0,0,0,0,0,0,1,1
0,0,0,0,1,0,0,0,0
0,1,0,1,1,1,0,0,1
1,0,0,0,0,0,0,0,0
1,1,0,1,1,0,0,0,1
0,0,1,1,0,1,0,0,1
0,0,0,0,0,0,0,1,0
0,0,0,1,0,0,0,0,0
0,0,1,1,1,0,0,0,0
0,0,0,0,1,1,0,0,0
0,0,1,1,0,1,0,0,0
0,1,0,1,0,1,0,0,1
1,1,0,0,1,0,0,0,0
0,0,0,0,0,0,0,0,0
0,0,0,0,1,0,0,0,0
0,0,0,0,1,0,0,0,0
0,0,0,1,0,0,0,0,1
0,0,1,1,0,1,0,0,1
0,1,0,1,0,1,0,0,1
0,0,0,1,0,1,0,0,1
0,0,0,0,0,0,0,0,0
0,1,0,0,0,0,0,0,0
0,1,0,0,0,0,1,0,0
0,0,0,1,0,1,0,1,0
1,0,0,0,1,0,0,1,0
0,0,0,1,0,0,0,0,0
0,1,0,0,1,0,0,0,0
1,0,1,1,1,0,0,0,0
0,1,0,0,0,0,0,0,0
0,0,1,1,0,0,0,0,1
1,0,1,0,0,0,0,0,0
0,0,0,0,0,0,0,1,0
0,1,0,0,1,0,1,1,1
0,0,1,1,1,0,0,0,0
0,0,0,0,0,0,0,1,1
0,1,0,1,0,1,0,1,0
0,1,0,0,0,0,1,1,1
0,0,0,1,0,0,0,0,1
0,1,0,0,1,0,0,0,0
0,1,0,0,0,0,0,0,0
0,0,0,0,0,0,0,0,1
0,0,0,0,0,0,0,1,0
0,0,0,0,0,0,0,0,0
1,1,0,1,0,1,0,1,0
0,0,1,1,0,0,0,0,1
0,0,0,0,0,0,0,0,0
0,1,0,1,0,0,0,0,1
1,0,1,0,0,0,0,0,0
1,1,1,1,0,1,0,1,0
0,0,1,0,1,0,0,0,0
0,1,0,0,1,0,0,0,0
0,0,0,1,1,0,0,0,0
1,0,1,0,0,0,0,0,1
0,0,0,0,0,0,0,0,0
1,0,0,0,0,0,0,0,1
0,0,1,0,0,1,0,1,1
0,1,1,0,0,0,1,0,1
0,1,1,0,1,0,1,1,1
0,0,0,0,0,0,0,1,0
0,0,0,1,0,0,0,0,0
0,0,0,1,0,0,0,1,1
0,1,1,0,0,0,0,0,0
1,1,0,0,0,0,1,0,1
0,0,0,0,0,1,0,1,0
1,0,0,1,0,1,0,0,1
0,1,0,1,0,0,0,1,0
0,0,0,0,1,0,0,1,0
0,0,1,0,0,0,0,1,0
0,1,0,1,0,1,0,0,0
1,1,0,1,1,1,1,1,0
0,1,1,1,0,0,0,1,0
1,1,0,0,0,0,1,0,0
0,1,0,0,1,0,0,1,0
0,0,1,0,0,0,0,0,0
0,1,0,0,0,1,1,1,1
1,1,0,0,0,0,1,1,0
1,0,0,1,0,0,0,0,0
0,0,0,0,0,0,0,0,0
0,0,0,0,0,0,0,0,0
1,0,0,0,0,0,0,0,0
0,1,0,0,1,0,0,0,0
0,1,1,0,0,0,0,1,0
0,0,1,0,1,0,0,0,0
0,1,0,1,0,1,1,1,0
0,1,0,0,0,0,1,0,1
0,1,1,1,1,1,1,0,0
0,1,0,0,0,0,1,0,1
1,0,0,0,0,0,0,1,0
0,1,0,0,0,0,1,0,1
0,1,0,1,0,1,1,0,1
1,1,0,0,0,0,0,0,0
0,1,0,0,0,1,0,0,1
1,0,0,0,0,0,0,0,0
1,0,0,1,1,0,0,0,0
0,0,0,0,0,0,0,0,0
0,0,0,0,0,0,0,0,0
0,1,1,1,0,1,0,1,1
1,0,0,0,0,0,0,0,0
0,0,0,1,0,1,0,1,1
0,0,0,1,0,0,0,1,1
0,0,0,0,1,0,0,1,0
1,0,0,0,1,0,0,1,1
1,0,0,1,0,0,0,0,0
0,1,0,1,0,0,1,0,1
1,1,0,1,0,0,1,0,1
0,1,0,0,0,0,1,1,0
0,0,1,0,1,1,0,0,0
1,0,1,1,0,0,0,0,0
0,1,1,0,0,0,1,0,0
0,0,1,0,1,0,0,1,1
0,0,0,1,1,0,0,0,0
0,1,1,0,0,0,0,1,0
0,0,0,1,1,1,0,0,0
0,1,1,1,0,1,1,0,0
0,1,0,0,0,0,0,1,0
0,1,1,0,0,0,1,0,0
0,1,0,0,1,0,1,0,0
1,0,1,1,1,0,0,0,1
0,0,1,0,0,0,0,0,0
0,1,1,1,0,1,0,1,1
1,0,1,0,0,0,0,1,1
0,1,0,1,0,0,1,0,1
0,0,0,0,0,0,0,0,0
0,0,0,1,0,0,0,0,0
0,0,0,0,0,0,0,1,0
1,1,0,0,1,0,0,0,0
0,1,0,1,0,0,0,0,1
0,0,1,0,0,0,0,0,0
0,0,0,0,0,0,0,1,1
0,0,0,0,0,0,0,0,0
1,0,0,0,0,0,0,0,0
0,1,0,1,0,0,1,0,1
0,1,0,0,0,0,0,0,1
1,1,0,0,0,0,0,1,1
0,1,0,1,0,1,0,0,0
1,1,0,0,0,0,0,0,0
1,1,0,0,0,0,0,1,0
0,0,1,0,0,0,0,1,0
0,0,0,1,1,0,0,0,1
0,0,0,0,1,0,0,1,0
0,0,0,0,0,0,0,0,0
0,0,0,1,0,0,0,0,1
0,1,0,1,0,0,1,0,1
0,0,0,0,0,0,0,0,0
0,0,0,1,0,1,0,0,1
0,0,0,1,1,1,0,0,0
0,1,0,0,1,0,1,0,1
1,0,1,0,1,0,0,1,0
0,1,1,1,0,1,1,0,1
0,0,0,0,1,0,0,0,0
0,1,0,1,0,0,0,0,0
0,1,1,0,0,0,0,1,0
1,1,0,0,0,0,1,0,1
0,0,0,0,1,0,0,0,0
0,1,0,0,0,0,0,0,1
0,0,1,1,0,0,0,0,1
0,1,0,0,1,1,1,0,0
1,1,0,0,0,0,0,0,0
0,0,0,0,0,0,0,0,0
0,0,0,1,0,1,0,0,0
0,1,0,0,1,0,1,0,1
0,0,0,0,0,0,0,1,1
0,0,0,0,0,0,0,1,1
0,0,1,1,0,1,0,0,1
1,1,1,0,0,0,1,1,0
1,1,0,1,1,0,0,0,0
0,0,1,0,1,1,0,0,0
0,0,0,1,0,1,0,0,0
0,1,0,0,0,0,0,0,1
0,0,1,0,0,0,0,0,1
0,1,0,0,0,0,1,0,0
1,1,0,1,0,1,1,0,1
1,1,0,0,0,0,1,0,0
0,1,1,0,0,0,1,1,1
0,1,0,0,0,0,0,0,0
1,0,1,0,0,0,0,1,0
0,0,0,0,1,0,0,0,0
1,0,0,0,0,0,0,1,1
1,0,0,0,1,0,0,1,0
0,1,0,0,0,0,0,0,1
0,1,0,0,0,0,0,1,0
1,1,1,1,1,1,1,1,0
0,0,0,0,0,0,0,0,0
0,0,0,0,0,0,0,0,0
0,1,0,0,0,0,0,0,1
0,1,1,0,0,0,1,1,1
0,0,1,0,1,1,0,1,0
0,0,0,0,0,0,0,1,1
0,0,0,0,0,0,0,1,0
0,1,0,0,1,0,1,1,1
0,1,1,0,0,0,1,0,1
0,0,1,1,0,0,0,0,0
0,0,0,0,0,0,0,0,1
1,0,0,1,0,1,0,0,1
0,0,0,0,1,0,0,0,0
0,1,1,0,0,0,0,0,0
1,0,1,1,0,1,0,0,0
0,1,0,0,0,0,0,0,0
0,0,1,1,0,0,0,1,1
0,0,0,0,0,0,0,0,0
0,1,0,0,0,0,1,0,1
0,0,0,0,0,0,0,0,0
0,0,0,1,0,1,0,1,0
1,0,1,1,1,1,0,0,1
0,1,0,1,0,1,1,0,0
0,0,1,0,0,0,0,0,0
1,1,0,1,1,1,1,0,1
0,0,0,1,0,0,0,0,0
0,0,1,0,1,0,0,0,1
0,1,0,0,0,0,0,0,0
1,1,0,1,0,0,1,0,1
0,1,1,0,0,0,0,0,1
1,0,1,0,1,0,0,0,0
1,1,0,0,0,0,0,0,1
0,1,0,1,0,0,0,0,0
0,1,0,1,1,1,0,0,0
0,0,0,0,0,0,0,1,1
0,0,0,0,0,0,0,1,0
0,0,1,0,0,0,0,0,0
1,0,1,0,0,0,0,0,0
1,0,0,0,1,0,0,0,0
1,0,0,0,1,0,0,1,0
0,0,0,0,1,0,0,0,1
0,0,1,1,0,0,0,0,0
0,0,0,1,1,0,0,1,0
0,1,0,0,1,0,0,1,0
0,1,0,0,0,0,1,1,0
0,0,0,0,0,1,0,1,0
1,1,0,0,0,0,0,0,0
0,0,1,0,0,0,0,0,0
0,0,0,0,0,0,0,0,0
0,0,0,0,1,0,0,0,0
0,1,0,1,1,1,0,0,1
0,0,1,1,0,0,0,0,0
1,0,1,0,1,1,0,1,1
1,0,1,0,0,0,0,0,0
1,0,0,1,0,0,0,0,1
1,1,1,0,1,0,1,0,1
0,0,0,0,0,0,0,0,1
1,0,1,0,0,0,0,0,0
0,1,0,1,0,0,1,1,1
0,0,0,0,0,0,0,0,1
1,0,0,0,0,0,0,0,0
0,0,0,1,0,0,0,0,0
0,1,0,1,0,0,1,0,1
0,0,0,0,0,0,0,1,0
0,1,0,0,1,0,1,0,1
1,0,0,0,0,0,0,0,0
0,0,0,0,0,0,0,1,0
1,0,0,0,0,0,0,0,0
1,1,0,1,1,0,1,0,1
1,0,0,0,0,0,0,0,0
1,1,0,1,0,1,1,0,1
0,0,0,1,0,0,0,0,0
0,1,0,0,0,0,1,1,1
0,1,0,0,0,0,1,0,1
1,0,0,1,0,0,0,0,0
0,0,0,0,0,0,0,1,0
1,1,0,0,0,0,1,0,1
1,0,0,0,0,0,0,1,0
1,0,0,1,0,0,0,0,0
0,0,0,0,1,0,0,0,0
1,1,0,1,0,1,1,0,1
0,1,0,0,0,0,0,0,0
1,1,0,0,0,0,1,0,1
0,1,0,0,0,0,1,0,1
0,1,0,1,0,0,1,0,1
0,1,0,0,0,0,0,0,0
0,0,0,1,1,1,0,0,0
0,1,1,0,1,0,1,1,1
1,0,0,1,0,1,0,0,0
0,1,0,1,0,0,1,1,1
0,1,0,1,0,1,0,0,0
0,0,0,0,0,0,0,1,0
0,0,0,0,0,0,0,0,1
1,0,0,1,0,0,0,0,1
1,0,0,0,1,0,0,0,0
1,1,0,1,0,1,0,0,0
0,1,0,1,1,1,0,0,1
0,0,0,0,0,0,0,1,0
0,0,0,1,1,0,0,1,0
0,1,0,0,1,0,1,0,1
0,0,0,0,0,0,0,0,0
0,1,0,0,0,0,1,0,1
0,1,1,0,0,1,1,0,1
1,0,0,0,0,0,0,0,1
1,1,0,1,0,0,0,0,0
1,1,0,0,0,0,1,0,1
0,0,0,0,1,0,0,1,0
1,0,0,0,0,0,0,0,0
0,1,0,0,1,0,1,0,1
0,1,0,1,0,0,1,0,1
0,0,0,1,0,0,0,0,0
0,1,1,1,0,1,0,0,0
1,1,1,0,1,0,0,0,0
1,1,0,1,0,1,0,0,0
0,1,0,0,1,0,1,0,0
1,1,0,0,0,0,1,1,1
0,1,0,0,0,0,1,0,0
0,0,0,0,1,0,0,0,0
1,1,1,0,1,0,1,0,1
0,0,0,1,1,0,0,0,1
0,1,0,0,1,0,0,0,0
0,1,0,0,1,0,1,0,1
1,0,1,0,0,0,0,1,0
0,0,1,0,0,0,0,1,0
0,0,0,0,0,0,0,0,0
0,1,0,0,0,0,1,1,1
1,0,0,0,0,0,0,0,1
1,1,0,0,1,0,1,1,0
0,0,0,0,1,0,0,0,1
0,1,0,0,1,0,0,0,1
0,0,0,1,1,0,0,0,0
1,1,1,1,1,1,0,0,0
0,1,0,1,0,1,0,0,0
0,0,0,1,0,0,0,0,0
1,1,1,1,0,1,1,0,1
0,0,0,0,0,1,0,0,1
0,1,1,1,0,0,1,0,1
0,0,0,0,0,0,0,0,1
1,1,0,0,0,0,1,0,1
1,1,0,0,0,0,1,0,0
0,1,0,1,0,1,0,0,0
1,0,0,0,1,0,0,0,0
0,1,0,1,0,1,1,0,0
0,1,1,0,1,0,0,0,0
1,0,1,0,0,0,0,0,1
0,1,0,1,1,0,0,1,1
0,1,0,0,1,0,1,1,1
0,0,1,1,0,1,0,0,1
1,0,0,0,0,0,0,1,0
0,1,0,1,0,1,0,1,1
0,1,1,1,0,1,0,0,1
1,0,0,1,0,0,0,0,0
1,1,1,1,0,0,1,0,1
0,1,0,0,1,1,0,0,1
1,0,0,0,0,1,0,0,0
1,0,0,0,0,0,0,0,0
0,1,1,0,0,0,0,0,0
1,0,0,1,0,1,0,0,0
0,0,0,1,0,0,0,1,0
0,1,0,0,0,0,0,0,0
1,0,0,1,1,1,0,1,0
1,0,0,0,0,0,0,0,0
0,1,1,0,0,0,1,0,0
0,0,0,1,0,1,0,0,0
1,1,0,1,0,1,1,0,1
0,0,0,0,0,0,0,0,1
0,1,0,1,0,0,0,1,0
0,0,0,0,0,0,0,0,0
0,1,0,1,0,1,1,0,1
0,0,1,0,0,0,0,0,0
0,0,0,1,0,1,0,0,0
0,0,0,0,0,0,0,0,1
1,0,1,1,0,0,0,0,0
1,1,0,1,1,1,1,0,1
0,0,0,0,0,0,0,0,0
0,0,0,1,0,0,0,0,0
1,0,0,0,0,0,0,0,0
0,1,0,0,0,0,0,0,0
0,0,0,1,0,0,0,0,0
1,1,0,1,1,1,1,0,1
0,0,0,0,0,0,0,0,1
1,1,0,0,0,0,1,0,1
0,1,0,0,1,0,0,0,0
0,0,0,1,0,0,0,1,1
0,0,0,0,1,0,0,1,1
1,0,0,0,0,0,0,0,0
0,0,0,1,0,0,0,0,1
1,1,0,0,0,0,0,0,0
0,1,1,0,0,0,0,0,0
1,1,0,1,0,1,1,0,1
0,0,1,0,0,0,0,1,1
1,0,1,0,0,0,0,0,0
0,1,0,0,0,0,1,0,1
0,1,0,0,0,0,1,1,1
0,0,1,1,1,1,0,0,0
1,0,0,1,1,1,0,0,0
0,0,1,1,0,1,0,0,0
1,0,1,1,1,1,0,0,0
0,1,0,0,1,1,0,1,0
0,0,0,0,0,0,0,0,1
1,0,0,1,0,1,0,0,1
0,1,1,1,0,1,1,0,1
0,0,0,0,0,0,0,0,0
1,1,1,1,1,0,1,0,0
0,0,0,0,0,1,0,1,0
0,1,1,1,0,1,1,0,1
1,0,0,0,0,0,0,1,1
0,0,0,1,0,0,0,0,0
1,0,0,1,0,0,0,0,1
1,0,0,1,0,0,0,1,0
0,0,0,0,0,0,0,0,1
0,0,0,0,0,0,0,0,0
0,1,0,1,1,0,1,0,1
1,0,0,0,0,0,0,0,0
0,1,1,0,0,0,0,1,0
0,0,1,1,0,1,0,0,1
0,0,0,1,1,0,0,0,0
1,1,0,0,1,0,0,0,0
0,0,0,0,0,0,0,0,0
1,0,0,0,1,0,0,1,0
1,1,0,0,0,0,0,0,0
0,0,0,0,0,0,0,0,0
1,0,1,0,0,0,0,1,0
0,0,0,0,1,1,0,0,1
0,0,0,1,0,1,0,0,1
0,0,0,0,0,0,0,0,1
0,1,0,0,0,0,0,1,1
0,0,0,0,1,0,0,1,1
0,0,1,0,1,0,0,0,0
1,0,1,0,0,0,0,0,0
0,1,0,0,0,0,1,0,1
0,0,1,1,0,0,0,0,0
0,1,0,0,1,0,0,0,1
0,1,0,0,0,0,0,0,0
1,0,0,0,0,0,0,0,1
0,0,0,0,0,0,0,1,1
0,0,0,0,0,0,0,0,0
0,0,0,1,0,0,0,0,0
0,1,0,1,0,1,1,1,0
1,0,0,1,0,0,0,0,1
0,0,1,0,1,0,0,0,0
0,1,0,0,0,0,1,0,0
0,0,0,0,0,0,0,1,1
0,0,1,1,1,0,0,0,0
0,0,1,0,0,1,0,0,0
1,0,0,1,0,0,0,1,0
0,1,0,0,0,0,1,0,0
0,0,1,1,0,1,0,1,0
0,1,0,0,0,0,1,0,1
0,0,0,1,0,0,0,0,1
0,0,0,1,1,0,0,0,0
0,0,1,0,0,0,0,0,0
1,1,0,0,1,1,0,1,0
0,1,0,1,0,1,1,0,1
0,0,0,1,1,1,0,0,1
0,0,0,1,0,0,0,0,0
0,0,0,0,0,0,0,0,0
0,0,0,0,0,0,0,1,0
0,1,0,1,0,0,0,0,0
0,1,1,1,1,1,0,0,0
0,1,0,0,0,0,0,0,1
1,0,1,1,0,1,0,1,0
1,0,1,1,0,1,0,1,0
1,0,0,1,0,1,0,0,0
0,0,1,0,0,0,0,0,0
0,1,0,0,0,0,0,1,0
0,0,0,0,0,0,0,1,0
0,0,1,1,0,1,0,1,0
0,1,0,0,1,0,0,0,0
0,1,0,0,0,0,1,0,0
1,0,0,0,0,0,0,1,0
0,0,0,0,0,0,0,1,0
0,1,1,1,0,0,1,1,1
1,1,0,0,0,0,0,1,0
0,0,0,0,0,0,0,0,1
0,0,0,0,0,0,0,0,0
0,0,0,0,0,0,0,0,0
0,0,0,1,1,1,0,0,0
0,0,1,1,0,1,0,0,0
0,1,0,0,1,0,0,0,1
1,1,0,0,0,0,0,0,0
0,1,0,1,0,0,1,0,1
0,0,0,1,0,0,0,1,0
0,1,1,0,0,0,0,1,0
0,1,1,1,0,1,1,0,1
0,0,0,0,1,0,0,1,0
0,0,0,0,0,1,0,0,0
1,1,0,0,0,0,0,0,0
0,0,0,0,1,0,0,0,0
0,1,0,0,0,0,1,0,1
0,0,1,1,0,1,0,0,0
1,0,0,0,1,0,0,0,0
0,0,0,0,0,1,0,0,0
0,0,0,0,0,0,0,1,0
0,1,0,1,0,0,1,0,1
1,0,0,1,0,1,0,1,0
0,0,0,1,0,1,0,1,1
1,1,0,0,1,0,1,0,1
0,0,0,1,1,1,0,0,0
1,1,0,1,0,1,1,0,1
0,1,0,0,1,1,1,0,1
0,0,1,1,0,0,0,0,0
1,1,1,0,0,0,1,0,1
0,1,0,0,0,0,0,0,1
0,0,1,1,1,0,0,0,0
0,0,0,0,0,0,0,0,0
0,1,0,0,1,0,0,0,0
0,0,0,1,0,1,0,0,1
0,0,0,0,0,0,0,1,0
0,1,0,0,1,0,0,0,1
0,0,0,0,0,0,0,0,0
0,0,0,1,0,0,0,0,1
0,0,0,1,0,1,0,0,0
1,1,0,0,1,0,1,0,0
0,0,0,0,0,0,0,0,0
0,1,1,0,0,0,0,0,0
1,0,0,0,0,0,0,0,1
0,1,0,1,0,1,1,0,1
1,0,0,1,0,0,0,1,1
0,0,0,0,0,1,0,0,0
1,0,0,1,0,0,0,0,0
0,1,0,1,1,0,1,1,0
0,1,1,0,1,0,0,0,0
0,1,0,0,0,0,1,0,0
0,1,0,0,1,0,0,0,0
0,0,1,1,1,0,0,0,0
0,0,0,1,0,0,0,0,0
0,1,0,1,0,1,1,0,1
0,0,0,0,0,0,0,1,0
0,0,1,1,0,0,0,0,0
0,0,1,1,0,1,0,0,1
0,1,0,1,1,0,0,1,0
0,0,0,1,0,0,0,0,0
0,1,0,0,0,0,0,0,0
0,0,0,0,0,1,0,0,0
0,0,0,0,0,0,0,1,0
1,0,0,0,0,0,0,0,0
1,0,0,0,1,0,0,1,0
0,1,0,0,0,0,1,0,1
1,0,0,0,0,0,0,0,0
0,0,0,0,0,0,0,0,0
0,0,0,1,0,1,0,0,0
0,1,0,1,0,1,1,1,1
1,1,0,0,0,0,1,1,0
0,0,0,1,0,1,0,1,0
0,0,0,0,0,0,0,1,1
0,0,0,0,1,0,0,0,0
0,0,0,1,1,0,0,0,1
0,0,1,0,0,0,0,0,0
0,0,1,0,0,0,0,0,0
1,1,0,0,0,0,1,0,0
0,1,1,1,0,1,0,0,0
0,0,1,1,1,0,0,0,0
0,1,0,0,1,1,0,0,1
0,0,1,0,0,0,0,1,1
0,0,1,0,0,0,0,0,0
0,0,0,1,0,0,0,0,1
0,0,0,0,0,0,0,0,1
0,0,1,0,0,0,0,0,1
0,0,0,0,1,0,0,0,0
1,0,0,1,0,1,0,0,1
1,0,0,0,0,0,0,1,0
1,1,0,0,0,1,1,1,1
0,0,0,0,0,1,0,0,1
0,0,1,1,0,1,0,1,0
0,0,1,1,1,0,0,0,0
1,0,0,0,0,0,0,0,1
0,1,0,0,0,1,1,0,1
0,1,1,0,0,0,1,0,0
0,0,0,1,0,1,0,0,1
0,0,0,1,0,1,0,0,1
0,0,0,0,0,0,0,0,0
1,0,0,0,0,0,0,0,0
1,0,0,0,0,0,0,0,0
0,0,0,0,0,0,0,1,0
1,0,0,0,0,0,0,0,0
1,0,0,1,0,0,0,0,0
0,0,0,0,0,0,0,0,0
1,1,0,0,0,0,1,0,0
0,1,0,0,1,0,1,0,0
0,1,1,1,0,0,1,0,0
1,0,0,0,0,0,0,0,1
0,1,0,0,0,0,0,0,0
0,0,1,0,1,0,0,1,0
0,0,0,0,0,0,0,0,1
0,0,0,1,1,0,0,1,0
0,1,0,1,0,1,0,0,1
0,1,1,0,0,0,0,0,0
1,1,0,1,1,0,0,0,0
0,0,0,0,1,0,0,0,1
0,1,0,0,1,0,1,0,1
0,0,1,0,1,0,0,0,0
0,1,0,0,1,0,0,1,0
1,0,0,1,1,0,0,0,1
1,0,1,0,0,0,0,1,0
1,1,0,1,0,1,1,0,1
0,0,1,0,1,0,0,0,0
0,0,1,0,0,0,0,1,0
0,1,0,0,1,0,0,1,0
0,1,1,0,0,0,1,0,1
0,0,1,0,0,0,0,0,0
0,1,0,1,0,0,0,0,0
1,0,0,0,0,1,0,0,0
0,0,0,0,0,0,0,0,0
0,1,1,1,0,1,1,0,1
0,0,1,1,0,1,0,0,0
1,1,1,0,0,0,0,0,0
0,1,1,0,0,0,1,1,1
0,0,0,1,0,1,0,0,1
0,1,1,1,0,1,0,0,1
1,1,0,1,1,0,0,0,1
1,0,0,0,0,0,0,0,0
0,1,0,1,1,0,1,0,0
0,1,0,1,0,1,0,0,1
1,0,0,0,1,0,0,0,1
1,1,0,1,0,1,1,1,1
0,1,0,0,0,0,1,0,1
0,1,1,1,0,0,1,0,0
0,1,0,0,1,0,1,0,1
0,1,0,0,0,0,0,0,0
0,0,0,0,0,0,0,0,1
0,1,0,0,0,0,0,0,0
1,0,0,0,0,0,0,0,1
1,0,0,1,0,0,0,0,0
0,0,0,0,0,0,0,1,0
1,0,0,1,0,1,0,0,0
1,1,0,0,1,0,0,0,0
0,1,0,0,0,0,1,0,1
0,0,1,0,1,0,0,0,1
1,1,1,0,0,0,1,0,1
1,0,0,0,1,0,0,0,0
0,1,0,1,0,1,0,0,0
0,1,0,1,0,0,0,0,0
0,0,0,0,1,0,0,1,0
0,1,0,0,1,0,0,0,0
0,1,1,1,0,1,1,0,1
0,0,0,0,0,0,0,0,0
1,0,0,1,1,0,0,1,0
0,1,0,1,1,0,1,0,1
0,0,0,1,0,1,0,0,1
0,0,0,0,0,0,0,0,0
1,0,0,1,0,0,0,1,0
0,1,1,1,0,1,1,0,1
1,0,1,1,0,0,0,0,0
0,1,1,0,0,0,0,0,0
0,0,0,0,0,0,0,0,1
1,0,0,0,0,0,0,0,1
0,1,0,1,0,1,0,0,1
0,1,0,0,0,0,1,1,1
0,0,1,1,0,1,0,1,0
0,0,1,0,1,0,0,0,0
0,0,0,1,1,0,0,0,0
0,1,1,0,0,0,1,1,1
1,0,0,1,0,1,0,0,0
1,1,0,1,0,1,1,0,0
1,0,0,0,0,0,0,0,0
0,1,1,1,0,0,0,0,0
0,1,0,0,0,0,0,0,1
1,0,0,0,0,0,0,0,0
1,0,0,0,1,0,0,1,1
1,0,0,1,0,0,0,0,0
0,1,0,0,1,0,0,0,0
1,1,0,0,0,0,0,1,0
0,0,0,0,0,0,0,0,0
1,0,0,0,0,0,0,1,0
0,0,1,0,0,0,0,0,0
0,0,1,0,0,1,0,0,0
1,1,1,0,1,0,1,0,1
0,0,0,0,0,0,0,0,1
0,1,0,1,0,0,1,0,1
0,0,0,0,1,0,0,0,0
0,1,0,0,1,0,0,0,0
0,0,0,1,0,1,0,1,0
0,0,1,0,0,0,0,0,0
0,0,0,0,0,0,0,0,0
0,1,1,0,1,0,0,1,1
0,0,1,1,0,1,0,0,0
0,1,0,0,0,0,1,0,1
1,1,0,0,0,0,1,0,1
1,1,0,0,0,0,0,0,0
0,1,0,0,0,0,0,0,1
1,0,0,0,1,1,0,0,0
0,0,0,1,0,1,0,0,0
0,1,1,0,0,0,1,0,1
0,1,0,0,0,0,0,0,0
1,1,0,0,0,0,0,0,1
0,1,0,0,0,0,1,1,1
0,0,0,0,1,0,0,1,0
0,1,0,1,0,1,0,0,0
0,1,0,1,0,1,0,0,0
1,0,0,0,0,0,0,0,0
1,0,0,0,0,0,0,1,1
1,1,1,1,0,1,1,1,1
0,1,0,1,0,1,0,0,1
0,0,1,0,0,0,0,0,1
0,1,0,0,0,0,1,0,1
1,1,1,0,0,0,0,0,0
0,1,0,1,0,1,1,0,1
0,1,0,0,0,0,1,1,1
0,0,1,0,1,0,0,0,0
1,0,1,1,1,0,0,0,1
0,1,1,0,0,0,1,0,1
0,1,0,0,1,0,0,0,0
0,0,0,1,0,1,0,0,0
0,1,0,0,0,0,0,0,0
0,0,0,0,0,0,0,0,1
0,0,1,1,0,0,0,1,1
0,1,0,1,0,1,1,0,0
0,1,0,0,0,0,0,0,1
0,1,0,0,0,0,1,0,1
1,0,0,0,1,0,0,1,0
0,1,0,0,0,0,1,0,1
0,0,0,1,1,1,0,0,0
0,0,0,0,0,0,0,0,1
0,1,0,0,0,0,1,0,1
0,0,0,0,0,0,0,0,0
1,0,0,0,1,0,0,0,0
1,1,0,1,0,1,0,0,0
0,0,0,0,0,0,0,0,1
1,1,0,1,0,1,0,0,0
1,0,1,1,0,1,0,0,1
1,0,1,0,0,0,0,0,0
0,0,0,0,0,0,0,0,0
1,1,0,0,0,0,1,0,0
0,1,0,0,1,0,1,0,1
0,1,0,0,0,0,1,0,0
1,0,1,0,0,0,0,1,0
0,0,1,1,0,1,0,1,0
1,0,1,0,0,0,0,1,0
0,1,0,0,0,0,1,0,0
0,0,1,1,0,0,0,0,1
0,0,1,0,1,0,0,0,1
1,0,0,1,1,1,0,1,0
0,0,1,1,0,0,0,1,0
1,0,0,0,0,0,0,0,0
0,1,0,0,0,0,1,1,1
0,1,0,0,0,0,0,0,0
0,0,0,1,0,0,0,0,1
0,1,0,0,1,0,1,0,0
1,0,0,0,0,0,0,0,0
0,1,0,1,0,0,0,0,0
0,0,0,1,0,1,0,0,0
0,0,1,1,0,0,0,0,0
1,1,1,0,0,0,0,0,1
0,0,0,0,0,0,0,1,1
0,0,0,0,0,0,0,0,0
0,0,0,1,0,1,0,0,0
0,0,0,0,0,0,0,1,0
1,0,0,1,0,0,0,0,1
0,1,0,0,0,0,0,0,0
1,1,0,1,1,0,0,0,1
0,0,0,0,0,0,0,0,0
0,1,0,1,0,1,0,0,0
0,0,0,0,0,0,0,0,0
0,0,0,0,1,0,0,0,1
1,1,0,1,0,0,0,1,1
1,1,0,1,0,0,0,1,1
0,0,0,0,0,0,0,0,0
0,0,1,0,0,0,0,1,0
0,1,0,0,0,0,0,0,0
1,1,0,0,1,0,0,0,1
0,1,1,0,0,0,0,0,1
1,0,0,1,0,1,0,0,1
0,1,0,0,1,0,1,1,1
0,0,0,1,1,0,0,1,0
1,1,1,0,0,0,1,0,1
0,1,0,0,0,0,0,0,1
0,0,0,1,0,1,0,0,0
0,1,0,0,0,1,0,1,0
0,0,0,0,0,0,0,1,1
0,0,0,0,0,0,0,0,0
0,1,0,1,0,0,1,0,1
0,0,1,0,0,0,0,0,0
0,0,0,1,0,0,0,0,0
0,1,0,0,0,0,1,0,1
1,0,0,0,0,0,0,0,0
0,0,0,1,0,1,0,1,1
1,0,0,0,1,0,0,0,1
0,1,0,1,0,1,1,1,1
0,0,0,0,0,0,0,0,1
0,0,0,0,0,0,0,0,0
0,1,1,1,0,0,1,1,1
0,1,0,1,0,1,1,0,0
1,0,1,0,1,0,0,0,1
0,0,0,1,0,0,0,0,0
0,0,0,0,0,0,0,1,0
0,0,0,1,0,1,0,0,0
0,1,0,1,0,0,1,0,0
0,0,1,0,1,0,0,0,0
1,1,0,0,0,0,1,0,0
1,0,1,0,0,0,0,0,0
0,0,1,0,0,0,0,0,0
0,0,0,0,1,0,0,0,0
0,0,0,1,0,1,0,0,0
0,0,0,0,1,0,0,0,0
0,0,0,0,0,0,0,0,0
0,1,0,0,0,1,1,0,1
0,0,0,0,0,1,0,0,0
0,0,1,1,0,0,0,1,0
0,0,0,0,0,0,0,0,0
1,0,0,1,1,1,0,0,0
0,1,0,1,0,0,1,0,1
1,0,0,1,0,1,0,1,1
0,1,0,0,1,0,1,0,1
0,0,0,0,0,0,0,0,1
1,0,0,0,0,0,0,0,0
0,0,1,1,0,0,0,0,0
0,1,0,1,1,1,1,0,1
0,1,1,0,0,0,1,0,1
0,1,0,0,0,0,0,0,1
1,0,0,1,0,1,0,0,0
0,0,0,1,0,1,0,0,0
0,0,0,0,0,0,0,0,0
0,1,0,1,0,0,1,0,1
0,0,1,1,0,1,0,0,1
0,0,0,0,0,0,0,0,0
0,0,0,0,0,0,0,0,0
1,1,1,1,0,0,1,1,0
0,0,0,0,0,0,0,0,0
0,0,0,1,0,1,0,0,0
1,1,0,1,0,0,1,0,1
1,0,0,0,0,0,0,1,1
0,0,0,1,0,1,0,0,0
0,0,1,0,0,0,0,0,0
0,0,1,1,1,1,0,1,0
0,1,0,1,0,1,0,1,0
0,1,1,1,0,1,1,0,1
0,0,1,1,0,0,0,1,1
0,0,0,1,0,0,0,0,1
1,0,0,1,0,1,0,1,0
0,0,0,0,0,0,0,0,0
0,1,0,0,0,0,0,0,0
0,0,0,1,0,0,0,1,0
0,1,0,0,1,0,0,0,1
0,1,0,0,0,0,0,1,0
0,1,1,0,0,0,1,0,0
0,1,1,0,1,0,1,0,1
1,1,0,1,0,0,1,0,1
0,0,0,0,1,0,0,1,0
0,0,0,1,0,0,0,1,0
0,0,0,1,0,0,0,0,0
0,1,1,1,0,0,1,0,0
0,0,0,1,0,0,0,0,0
0,0,1,1,1,0,0,0,0
0,1,1,0,1,0,0,0,0
0,0,0,0,0,0,0,0,0
0,0,0,1,0,0,0,0,1
0,0,0,0,1,0,0,0,0
0,0,0,1,0,1,0,0,0
0,1,0,0,1,0,1,0,0
0,1,0,0,0,0,0,0,0
0,0,0,0,0,0,0,0,1
0,0,1,1,0,1,0,1,0
1,0,1,0,0,1,0,0,0
0,0,1,0,0,0,0,1,0
0,0,0,0,0,0,0,0,0
0,0,1,1,0,1,0,1,1
0,1,0,0,0,0,0,1,0
0,1,0,0,1,0,1,0,0
0,0,0,1,0,0,0,0,0
0,0,0,1,1,0,0,0,0
0,0,0,0,0,0,0,0,0
0,1,0,0,1,0,0,0,0
0,0,0,1,0,1,0,0,0
1,0,1,0,1,0,0,1,1
1,1,1,0,1,0,1,0,1
0,0,0,1,0,1,0,0,0
1,0,1,1,0,1,0,0,0
1,1,1,0,0,0,0,0,0
0,1,0,1,1,1,1,0,0
0,0,1,1,0,1,0,1,0
0,1,1,0,1,0,1,1,1
1,0,1,0,0,0,0,0,0
1,0,0,1,1,0,0,0,0
0,0,0,0,0,0,0,1,1
0,1,0,0,0,0,1,0,1
0,0,0,0,0,0,0,0,0
0,0,0,0,0,0,0,0,0
0,1,0,0,1,0,1,1,1
1,1,1,0,0,0,0,0,1
1,1,0,0,0,0,1,1,1
0,1,0,0,1,0,0,1,0
0,1,0,0,0,0,1,0,0
0,0,1,1,0,0,0,1,0
0,0,0,0,1,0,0,0,1
0,0,0,1,0,0,0,1,0
0,0,1,0,0,0,0,0,0
1,1,0,0,1,1,1,0,1
0,1,0,0,0,0,0,0,0
0,0,1,0,0,0,0,0,0
0,0,0,1,1,1,0,0,0
1,0,0,0,0,0,0,0,0
0,0,0,0,0,0,0,0,0
0,0,1,0,0,0,0,0,0
1,0,0,1,0,1,0,0,0
0,0,1,0,1,0,0,0,1
0,0,0,0,0,0,0,0,0
0,1,1,1,0,1,1,0,1
1,1,0,0,0,0,1,0,1
0,0,0,1,1,1,0,0,0
0,0,0,0,0,0,0,0,0
0,0,0,0,0,1,0,0,0
0,0,0,0,1,1,0,0,0
0,1,1,0,1,0,0,0,0
0,0,1,1,0,1,0,0,0
0,1,0,0,0,0,0,0,0
0,0,0,0,1,0,0,0,0
1,0,0,0,0,0,0,0,0
0,0,0,0,1,0,0,0,1
0,0,0,1,0,0,0,0,1
0,0,0,0,0,0,0,0,1
0,0,1,0,0,0,0,0,0
0,0,1,0,0,0,0,1,0
1,1,0,0,0,1,1,0,1
0,1,1,0,1,0,0,1,0
0,0,0,0,0,0,0,0,1
0,1,1,0,1,0,1,0,1
0,0,0,0,0,0,0,0,0
0,0,0,0,0,0,0,0,0
1,1,1,1,0,1,1,0,0
1,0,1,0,0,0,0,1,0
0,0,0,1,0,1,0,0,1
0,1,0,0,0,0,1,0,1
0,1,0,0,0,0,0,0,0
1,0,1,1,1,1,0,0,0
0,1,0,0,0,0,0,0,0
1,0,0,1,1,1,0,1,1
1,1,0,1,0,1,0,0,0
0,0,0,1,1,0,0,1,0
0,1,0,1,1,1,1,0,1
0,1,1,1,1,0,1,1,0
0,1,0,1,0,0,1,1,1
1,1,1,0,0,0,0,1,0
1,1,0,0,0,0,1,0,0
1,1,0,1,0,1,0,0,0
0,0,1,1,1,1,0,0,0
0,0,0,0,1,0,0,1,0
0,1,0,1,0,0,1,0,1
1,0,0,1,0,0,0,0,0
0,0,0,0,0,0,0,0,0
1,1,1,0,1,1,0,0,0
0,0,0,1,0,1,0,0,0
0,0,0,0,1,0,0,0,0
0,1,0,0,1,0,1,1,1
1,0,0,0,0,0,0,0,1
0,0,0,1,1,0,0,0,0
0,1,0,0,1,1,0,0,0
0,1,0,0,0,0,0,0,0
0,0,1,1,0,0,0,0,0
0,0,0,0,0,0,0,0,0
0,0,0,0,0,0,0,0,0
0,0,0,0,0,0,0,0,1
1,1,0,0,0,0,1,0,1
0,0,0,0,0,0,0,0,0
0,1,0,0,0,0,1,0,1
0,0,0,1,0,0,0,1,0
0,0,0,0,0,0,0,1,0
0,0,0,1,1,1,0,1,0
0,1,0,0,1,0,0,0,0
0,1,0,0,0,1,1,0,0
1,1,0,1,0,1,1,0,1
0,1,0,0,0,1,0,0,1
0,1,0,0,1,0,1,0,1
1,1,0,0,0,0,1,0,0
0,0,0,1,0,1,0,0,1
0,1,0,1,0,1,0,0,1
1,1,0,0,0,0,0,0,0
1,0,0,0,0,0,0,1,1
0,1,0,1,0,1,1,0,0
0,0,1,1,0,1,0,0,0
1,0,0,1,0,0,0,1,1
1,0,0,0,1,0,0,0,0
0,0,0,1,0,0,0,1,0
1,1,1,0,0,0,1,0,0
1,0,1,1,0,1,0,0,0
0,0,0,0,0,0,0,0,0
1,0,1,0,0,0,0,0,0
0,0,0,0,0,0,0,0,1
0,0,1,0,0,0,0,0,0
1,0,0,0,1,1,0,0,0
1,0,0,0,1,0,0,0,0
1,1,1,0,0,0,0,1,0
0,1,0,1,0,0,1,1,1
0,0,0,1,0,1,0,1,0
1,1,0,1,0,1,1,0,1
0,0,0,1,1,0,0,0,0
0,0,0,1,0,0,0,0,0
0,0,0,0,0,0,0,0,0
0,0,0,1,0,1,0,0,0
1,0,0,1,0,1,0,0,0
1,1,0,0,0,0,1,0,1
0,1,1,1,0,0,0,0,0
0,0,0,1,1,1,0,1,0
0,1,0,0,1,0,1,0,1
0,0,0,0,1,0,0,0,1
0,0,0,0,0,0,0,0,0
0,0,1,0,0,0,0,0,1
0,0,0,0,1,0,0,0,0
1,1,0,0,1,0,1,0,0
0,1,0,0,0,0,0,1,0
0,0,0,0,1,0,0,1,0
0,1,0,1,0,1,0,1,1
0,1,0,0,0,0,1,0,0
0,1,1,1,0,0,1,1,0
1,1,0,1,1,0,0,1,0
1,1,0,0,0,0,1,0,1
0,1,1,0,1,0,1,0,1
0,1,0,1,1,1,1,0,1
0,0,0,1,0,1,0,0,0
0,0,0,0,0,0,0,0,0
0,1,0,0,0,0,1,0,0
1,0,0,0,1,0,0,0,1
0,0,0,0,0,0,0,1,0
1,1,0,1,1,1,0,1,0
0,0,1,0,0,0,0,0,0
0,0,0,0,1,0,0,0,0
0,1,0,0,1,0,1,0,1
0,1,0,0,0,0,0,0,1
0,0,0,1,1,1,0,0,0
0,1,1,1,0,1,0,0,0
0,0,0,0,0,1,0,1,0
0,1,1,1,1,0,0,0,1
1,1,0,0,1,0,0,1,0
0,1,1,1,0,1,1,0,1
0,0,1,0,0,0,0,1,0
0,1,0,0,0,0,1,0,1
1,0,0,1,0,0,0,1,0
0,1,0,1,1,0,1,1,0
0,1,1,1,0,0,1,0,0
1,1,0,1,0,1,1,0,1
0,1,0,1,1,1,1,0,1
1,0,0,1,0,1,0,0,0
1,1,0,1,0,0,0,0,0
1,0,0,0,0,0,0,0,1
0,1,0,0,1,0,1,0,0
0,1,0,1,0,0,1,0,1
1,1,1,0,0,0,1,1,1
0,1,0,0,0,0,1,0,1
0,1,0,1,1,0,1,0,1
0,1,0,1,0,0,1,0,1
0,1,0,1,0,1,0,0,0
0,1,0,0,0,0,1,1,0
0,0,1,0,1,0,0,1,0
0,0,0,1,0,0,0,0,0
0,0,0,0,0,0,0,1,1
0,1,0,0,0,0,0,0,1
0,0,0,0,0,0,0,1,0
0,1,0,0,0,0,0,0,0
0,1,1,0,0,0,1,0,0
0,0,1,0,0,0,0,0,0
0,1,0,1,0,0,1,0,1
0,1,0,0,0,0,0,0,0
0,0,0,0,0,0,0,0,1
0,1,1,1,0,0,0,1,0
0,0,1,0,0,0,0,0,1
1,1,0,1,1,1,1,0,1
1,0,0,1,1,0,0,1,0
1,1,1,0,0,0,0,0,0
0,0,0,0,0,1,0,0,0
0,1,0,1,0,1,1,0,0
0,1,0,0,1,0,0,0,0
0,0,0,0,1,0,0,0,1
0,1,1,1,0,0,1,0,1
1,1,0,0,1,0,1,0,1
0,0,0,0,0,0,0,0,0
0,0,0,0,0,0,0,1,1
0,0,1,1,0,1,0,0,0
0,0,0,1,1,0,0,0,0
1,1,0,1,0,0,1,1,0
0,0,0,0,0,0,0,0,0
0,0,1,1,0,1,0,0,1
0,1,0,0,0,1,0,0,1
0,0,0,1,0,0,0,0,1
0,0,0,0,0,0,0,0,0
0,0,1,0,1,1,0,0,0
1,1,1,1,0,0,1,0,1
0,0,0,0,0,0,0,1,1
0,0,0,0,0,0,0,0,1
0,0,0,0,0,0,0,0,0
0,0,1,1,0,1,0,1,0
0,0,0,0,0,0,0,0,0
0,0,1,0,0,0,0,0,0
0,0,1,0,0,0,0,0,0
0,1,0,1,1,0,1,0,1
1,0,0,0,1,0,0,1,1
0,0,1,0,1,0,0,0,1
1,0,1,0,0,1,0,1,0
0,0,0,0,0,0,0,0,0
1,1,0,1,1,1,0,0,1
1,0,0,0,1,0,0,0,1
0,0,0,1,1,1,0,0,0
0,0,1,0,0,0,0,0,0
0,1,0,1,0,1,1,0,1
0,1,0,1,0,0,0,0,0
0,1,0,0,0,0,1,0,0
0,0,0,0,0,0,0,0,1
1,0,0,0,0,0,0,1,0
0,1,0,0,0,0,1,1,1
0,0,0,1,0,0,0,0,0
1,0,1,0,0,0,0,0,0
0,0,0,0,1,1,0,0,1
0,1,0,1,0,1,0,1,0
0,0,0,1,1,1,0,0,0
1,0,0,0,0,0,0,1,0
0,0,0,1,0,1,0,0,0
0,0,1,0,1,0,0,0,0
0,1,1,0,1,0,0,0,0
0,1,1,0,0,0,1,1,1
0,0,0,0,0,1,0,0,0
1,1,1,0,0,0,0,0,0
0,1,0,1,1,0,1,0,1
0,0,1,0,1,1,0,0,1
0,1,0,0,0,0,1,1,1
1,0,0,1,1,1,0,0,0
0,0,1,0,0,0,0,0,0
0,0,0,1,1,0,0,1,0
0,1,0,1,0,1,1,0,1
0,0,0,0,0,0,0,0,0
0,0,0,1,0,1,0,0,1
0,0,0,1,0,1,0,1,0
0,1,0,0,0,1,1,0,1
1,1,0,0,0,0,0,0,1
1,0,0,0,0,0,0,0,1
0,1,0,0,0,0,1,0,1
0,0,0,1,0,1,0,0,0
0,0,0,0,0,0,0,0,0
0,0,0,1,1,0,0,1,0
0,0,1,0,1,1,0,0,0
0,0,0,1,1,0,0,0,0
0,1,0,1,1,0,0,0,0
1,0,0,1,0,0,0,0,0
0,1,1,1,0,0,0,0,1
0,1,1,0,1,0,1,0,0
0,0,0,0,0,0,0,0,0
0,1,1,0,0,0,1,0,1
0,0,0,1,0,0,0,0,0
1,1,1,1,1,0,0,0,0
1,1,0,1,1,0,1,0,1
0,0,0,1,0,0,0,1,0
0,1,1,1,0,0,1,0,1
0,1,0,0,0,0,1,0,1
0,1,0,1,0,1,0,0,0
1,1,0,1,0,1,0,0,0
1,0,0,1,0,0,0,0,1
0,0,0,1,0,0,0,0,0
0,0,1,0,0,0,0,0,0
0,0,0,0,0,0,0,1,0
1,0,0,0,0,0,0,1,0
0,0,0,0,0,0,0,0,0
0,0,0,0,0,0,0,0,0
0,0,0,1,0,1,0,0,0
0,1,0,1,0,1,1,0,1
0,1,0,1,0,0,1,0,0
1,1,0,0,0,0,1,0,1
0,0,0,1,1,0,0,0,0
1,0,0,0,0,0,0,1,1
0,0,0,0,0,0,0,0,0
0,0,1,1,0,0,0,1,0
0,1,0,1,0,0,1,0,0
0,1,0,0,0,1,0,0,0
1,0,1,0,0,0,0,0,0
0,1,0,0,0,0,1,0,0
0,0,0,1,0,1,0,1,0
1,0,0,0,0,0,0,0,0
0,1,0,0,0,1,0,0,1
0,1,0,1,1,1,1,0,0
0,0,0,1,0,0,0,0,0
0,1,0,1,0,1,1,0,1
0,0,0,1,0,1,0,0,0
0,0,0,1,0,1,0,0,0
0,1,0,0,0,0,0,0,1
1,0,0,0,1,0,0,0,1
0,1,0,1,1,1,0,0,1
1,0,0,0,0,0,0,0,0
1,0,0,1,0,0,0,0,1
0,1,0,0,0,0,1,0,0
0,0,0,0,0,0,0,1,1
1,1,0,1,0,1,1,0,1
0,0,1,0,0,1,0,0,0
1,0,0,1,0,0,0,0,1
0,0,1,0,0,0,0,0,1
0,0,0,1,1,1,0,1,0
0,1,1,0,0,0,0,0,0
0,1,1,0,0,0,1,0,0
1,1,0,0,1,0,1,0,1
0,1,0,0,0,0,0,0,0
0,0,0,0,0,0,0,0,1
0,0,1,0,1,0,0,0,0
0,0,0,1,0,1,0,0,1
0,1,0,1,0,0,1,1,0
1,0,1,0,0,0,0,0,0
0,0,0,0,0,0,0,0,0
0,0,1,0,0,0,0,0,0
1,0,0,1,0,1,0,0,1
0,0,1,0,1,0,0,1,0
0,1,0,0,0,0,1,0,1
0,0,0,0,0,0,0,1,0
0,1,1,1,1,1,1,0,1
1,1,0,0,0,0,1,1,1
0,0,0,1,0,1,0,0,0
0,0,0,0,0,0,0,0,1
1,0,0,0,0,0,0,0,0
0,0,0,0,0,0,0,1,0
1,1,0,1,0,1,1,0,1
0,1,0,0,1,0,1,0,1
1,0,0,0,0,0,0,0,0
0,0,0,1,0,0,0,0,0
0,1,1,1,1,1,0,1,1
1,1,0,0,1,0,1,0,1
1,1,0,1,1,1,0,1,1
1,1,0,1,0,1,1,1,1
0,1,0,0,0,0,1,0,0
0,1,0,0,0,0,1,0,1
1,1,0,0,1,0,0,0,0
0,1,0,0,0,0,0,0,0
0,0,0,0,1,0,0,1,0
0,1,0,1,0,1,0,1,1
0,1,0,0,0,0,1,1,0
0,0,0,0,1,0,0,0,0
0,1,0,0,1,0,0,0,0
1,1,0,1,0,1,0,0,1
0,0,0,0,0,0,0,0,0
0,1,0,0,1,0,1,0,1
0,1,0,0,0,0,0,1,1
1,1,1,1,1,1,0,0,0
0,0,1,0,0,1,0,0,0
0,0,0,0,1,0,0,1,0
0,1,1,0,0,0,1,0,1
0,0,0,0,0,0,0,0,0
0,0,0,0,1,0,0,0,1
0,1,0,0,0,0,0,1,0
0,0,0,1,0,1,0,0,0
0,0,0,1,0,0,0,0,0
0,0,0,0,0,0,0,0,0
0,1,0,0,0,1,1,0,1
0,0,0,1,0,0,0,0,1
0,0,0,0,0,0,0,0,0
0,0,1,0,1,0,0,0,0
0,1,0,1,1,0,1,0,0
0,0,0,0,0,0,0,1,0
1,0,0,0,0,0,0,0,0
0,1,0,0,0,0,1,0,0
1,0,1,0,0,0,0,0,1
0,1,0,1,1,0,1,1,0
0,1,0,0,1,0,1,1,1
0,0,1,0,0,0,0,1,0
1,0,0,0,0,0,0,0,0
1,0,0,1,0,1,0,0,0
0,0,0,0,0,0,0,0,0
0,0,0,1,1,1,0,1,0
0,1,1,1,1,0,1,0,1
0,0,0,0,0,0,0,1,0
1,0,1,1,0,0,0,1,1
0,1,1,1,0,1,1,0,1
1,0,1,1,0,0,0,0,0
0,1,0,0,0,0,1,0,1
0,0,0,1,1,1,0,0,0
1,1,1,0,1,0,1,0,0
0,1,0,1,0,0,0,1,0
0,0,0,0,0,0,0,0,1
1,1,0,1,0,1,1,0,1
1,0,0,0,1,0,0,0,0
0,0,0,1,0,1,0,1,0
0,1,0,0,0,0,1,1,1
0,1,1,1,0,1,1,1,1
0,1,0,0,0,1,1,0,1
1,1,0,1,0,0,0,0,0
1,0,1,1,0,1,0,0,0
0,0,0,0,1,0,0,0,0
0,0,0,0,0,0,0,0,0
0,0,0,1,0,0,0,0,0
0,0,0,0,1,0,0,1,1
1,0,0,0,0,0,0,1,1
0,0,0,0,0,0,0,1,0
0,1,1,0,1,0,1,0,0
0,1,0,0,1,0,1,0,1
0,0,1,0,0,0,0,0,0
0,1,0,1,1,1,0,1,0
0,1,0,0,0,0,0,1,0
0,0,0,0,0,0,0,0,0
1,0,0,1,0,1,0,0,0
0,0,0,0,0,0,0,0,0
0,1,1,0,0,0,0,1,0
0,1,0,0,1,0,0,0,0
0,1,0,0,0,0,0,0,0
1,1,0,0,0,0,1,0,1
0,0,1,1,0,1,0,0,0
0,1,0,0,1,0,1,0,1
0,0,0,0,0,0,0,1,1
1,1,0,0,0,0,1,1,1
0,1,0,1,0,0,0,0,0
0,1,1,1,1,1,0,0,1
1,0,0,1,0,0,0,0,0
0,1,0,0,1,0,1,0,0
0,1,0,0,0,0,1,0,1
1,0,0,0,0,1,0,0,0
0,0,0,0,0,0,0,0,0
0,0,0,1,1,1,0,0,0
0,1,0,1,0,0,1,0,1
0,0,0,0,0,0,0,1,0
0,1,1,0,1,0,1,0,0
1,0,1,0,1,0,0,0,1
0,0,0,1,0,0,0,0,0
0,1,0,1,0,0,0,1,0
0,1,0,0,0,0,0,0,0
1,0,0,0,0,0,0,0,0
0,0,1,0,0,0,0,1,0
1,0,0,0,0,0,0,0,0
0,0,0,0,0,0,0,0,0
0,1,1,1,0,1,0,0,0
0,0,0,0,0,0,0,1,1
0,0,0,0,0,0,0,0,1
0,0,0,1,0,1,0,0,1
0,1,0,0,0,0,1,0,0
1,1,0,0,0,0,1,0,1
1,0,0,1,0,1,0,1,1
0,1,0,1,0,0,0,0,0
0,0,0,0,0,0,0,0,0
0,0,1,1,1,0,0,1,0
0,1,0,0,0,0,0,0,1
0,1,0,0,1,0,1,1,0
1,1,1,0,0,0,1,0,0
0,1,1,1,1,0,1,0,1
0,1,0,0,0,0,1,0,1
1,1,0,1,1,0,1,0,1
0,0,0,0,0,0,0,1,0
0,0,0,1,0,1,0,0,0
0,0,0,1,0,1,0,0,0
0,0,1,1,0,1,0,0,1
1,0,0,1,0,1,0,0,0
1,0,1,1,0,0,0,0,1
0,1,0,0,0,0,0,0,0
0,0,1,0,0,0,0,0,1
1,1,0,1,0,1,0,0,0
0,0,0,0,0,0,0,1,0
0,1,0,1,0,1,0,0,0
0,0,0,1,0,1,0,0,0
0,0,0,1,0,1,0,0,0
1,0,1,0,0,0,0,0,1
0,0,0,1,0,0,0,0,1
0,1,0,0,0,0,1,1,1
1,0,0,0,0,0,0,1,0
0,1,0,0,0,0,1,0,0
0,1,1,1,0,1,0,0,0
0,0,1,0,1,1,0,1,0
0,0,0,0,0,0,0,1,0
0,1,0,0,0,1,0,0,0
0,1,1,0,0,0,1,1,1
0,1,1,1,0,1,1,1,1
0,1,0,0,0,0,0,0,0
0,0,1,0,1,0,0,0,1
0,0,1,0,0,0,0,0,1
0,1,0,0,1,1,1,0,1
0,1,0,1,1,1,1,0,0
1,0,0,1,0,1,0,0,0
0,1,0,1,1,0,1,1,0
0,1,0,0,1,0,1,1,1
0,1,0,1,0,0,0,0,0
0,1,0,0,0,0,1,0,0
0,0,0,0,0,0,0,0,0
0,1,0,1,1,1,0,0,0
1,0,0,1,0,1,0,0,0
0,1,0,1,1,0,1,0,0
0,0,0,0,0,0,0,0,0
0,1,1,0,0,0,1,0,1
1,1,0,1,1,0,1,0,1
0,0,0,0,1,0,0,0,0
0,0,0,1,0,1,0,0,0
0,0,0,0,1,0,0,1,0
1,0,0,0,0,0,0,0,1
0,0,0,1,1,0,0,1,0
0,0,0,0,0,0,0,0,0
0,1,0,0,0,0,1,0,1
0,0,0,1,0,0,0,0,0
0,0,1,1,0,1,0,0,0
0,1,0,1,0,1,1,1,1
0,0,0,0,0,0,0,0,0
0,1,0,1,1,0,1,0,1
0,0,0,0,0,0,0,1,0
1,1,0,0,0,0,0,0,0
0,0,0,1,0,0,0,0,0
0,1,1,0,1,0,1,1,1
0,0,0,0,1,0,0,0,1
0,0,0,0,1,1,0,0,1
0,1,0,0,1,0,1,0,0
0,1,0,0,0,0,0,1,0
1,0,0,0,0,0,0,1,0
0,0,0,0,0,0,0,0,1
0,0,1,1,1,0,0,0,0
0,1,0,1,0,1,1,0,0
0,1,0,1,0,1,1,0,1
0,0,0,1,0,0,0,0,1
1,0,1,0,0,0,0,0,1
0,1,0,1,0,0,0,1,0
0,1,1,1,0,0,0,0,0
0,0,0,0,0,0,0,1,0
1,0,0,0,0,0,0,0,1
1,1,0,0,0,0,0,0,0
0,1,0,0,0,0,0,1,1
0,1,0,1,0,0,1,1,1
0,0,0,0,0,0,0,0,0
1,0,0,1,0,0,0,0,1
0,0,0,0,0,0,0,1,0
0,0,1,1,0,1,0,0,0
1,0,1,1,0,0,0,1,0
0,0,0,1,0,0,0,0,0
0,0,0,1,0,1,0,0,0
1,0,0,1,0,0,0,1,0
1,1,0,1,1,0,1,0,1
0,1,1,1,0,1,0,0,0
1,0,0,0,0,0,0,0,0
0,0,0,0,0,0,0,0,0
0,1,0,1,0,0,1,0,0
1,0,0,1,0,0,0,1,0
0,0,0,0,1,0,0,0,0
0,0,1,0,0,0,0,0,1
1,0,1,1,0,0,0,0,0
1,1,0,0,0,0,1,1,1
0,1,0,0,0,0,0,0,0
0,1,0,0,0,0,1,0,1
0,1,0,1,0,0,1,0,1
0,0,0,0,1,0,0,0,0
0,1,0,0,0,0,0,0,0
0,0,1,0,0,0,0,0,0
0,0,1,0,1,0,0,0,0
0,1,0,0,0,0,1,0,1
0,1,0,0,0,1,1,1,1
0,0,1,1,0,0,0,0,0
0,0,0,1,0,1,0,0,1
1,1,0,0,1,0,0,0,1
0,1,0,0,1,1,1,1,1
0,1,0,0,0,0,1,0,1
0,0,1,0,0,0,0,0,0
0,1,0,0,0,0,0,0,1
0,1,0,1,0,1,1,0,1
0,1,0,1,0,0,1,1,1
0,1,1,0,0,0,0,0,1
0,0,0,0,0,0,0,0,0
0,1,1,0,0,0,1,0,1
1,1,1,0,0,0,0,0,0
0,1,0,0,1,0,1,0,1
0,0,0,0,1,0,0,0,0
0,0,1,1,0,0,0,0,0
1,0,0,1,1,0,0,0,1
1,1,0,0,0,0,1,0,1
0,1,0,0,0,0,0,0,0
0,1,0,0,0,0,1,0,1
1,1,1,1,0,1,0,0,0
0,1,1,0,1,0,1,0,1
1,1,1,1,0,1,0,1,0
0,0,0,0,0,0,0,1,0
0,0,1,0,0,1,0,1,1
1,1,0,0,0,0,0,0,0
0,1,0,1,1,1,1,0,0
0,1,0,1,0,0,0,1,0
0,0,1,0,0,0,0,0,0
1,0,0,0,0,1,0,0,0
1,0,0,1,0,1,0,0,1
0,0,0,0,0,0,0,0,0
0,1,0,0,1,1,1,1,0
0,1,0,0,0,0,1,0,1
0,0,1,0,0,0,0,1,0
0,1,1,1,1,0,1,0,0
0,1,0,1,1,0,0,1,0
0,0,0,0,1,0,0,0,0
0,1,0,0,1,0,1,1,1
0,0,0,0,1,0,0,1,0
0,1,0,0,0,0,0,0,0
0,0,0,1,1,0,0,1,0
0,1,0,1,0,1,0,0,0
0,0,0,1,1,0,0,0,0
0,1,0,1,0,0,0,0,0
0,0,0,0,0,0,0,0,0
0,1,1,0,0,0,0,0,1
0,0,0,1,0,0,0,0,1
0,1,0,1,0,0,0,0,1
0,1,1,0,0,0,1,0,0
0,0,0,1,1,1,0,1,0
1,1,0,1,0,1,1,0,1
0,1,0,1,0,1,0,0,0
0,0,0,1,0,0,0,1,1
0,1,0,1,0,1,0,0,0
0,0,0,1,1,1,0,1,1
0,0,0,0,1,0,0,0,0
0,1,1,1,0,0,1,0,1
0,0,0,1,0,0,0,1,0
1,0,0,1,1,1,0,1,0
0,0,0,0,0,1,0,0,1
0,0,0,0,0,0,0,1,1
0,1,0,0,1,0,0,0,1
0,0,1,0,0,0,0,0,0
0,0,0,0,1,1,0,0,0
1,0,1,1,0,1,0,0,0
0,0,1,0,0,0,0,0,0
0,0,0,0,1,0,0,0,1
0,0,0,0,0,0,0,0,0
0,1,0,0,0,0,1,0,1
0,0,0,0,0,0,0,0,0
0,0,0,0,0,0,0,0,0
1,1,1,0,0,1,1,0,1
0,0,1,0,1,0,0,0,0
0,0,1,1,0,0,0,0,0
0,0,1,0,1,0,0,1,0
0,1,1,1,0,1,1,0,1
1,0,0,1,0,1,0,0,0
0,1,0,0,0,0,1,0,1
1,0,0,0,0,0,0,1,1
0,1,0,0,0,0,1,1,0
0,0,0,0,0,0,0,0,0
0,1,0,0,0,1,0,0,0
1,1,0,0,1,0,0,1,0
1,1,0,0,0,0,0,0,0
0,1,0,0,1,0,1,0,1
1,1,0,1,0,1,0,0,0
0,0,0,0,0,0,0,0,1
0,0,0,0,0,0,0,0,0
0,0,0,0,1,0,0,0,0
0,1,1,0,1,0,1,1,1
0,1,0,1,0,1,1,1,1
0,0,0,0,1,1,0,1,0
0,1,0,0,0,0,0,0,1
1,0,0,0,1,0,0,0,0
1,1,1,0,0,0,1,1,1
0,0,1,0,0,0,0,0,0
0,1,0,0,1,0,1,0,1
0,0,0,0,0,0,0,0,1
0,1,0,1,0,1,0,0,0
1,0,0,0,0,0,0,0,0
0,1,0,0,0,0,1,1,1
0,0,0,1,0,1,0,1,0
0,0,0,1,1,1,0,1,1
0,0,0,0,1,0,0,0,0
0,1,0,1,0,1,1,0,1
0,0,1,0,1,0,0,0,0
0,0,0,0,1,0,0,0,0
1,0,0,0,0,1,0,0,0
0,1,1,1,0,0,0,0,1
0,0,0,1,1,0,0,1,0
0,0,1,0,0,0,0,0,0
1,0,0,0,0,0,0,0,1
0,0,0,0,0,0,0,0,0
0,0,1,0,1,0,0,1,1
0,0,0,1,1,0,0,0,0
0,0,0,0,0,0,0,0,0
0,1,0,0,1,0,0,0,0
0,1,0,0,0,0,0,0,0
0,1,0,0,1,0,1,1,1
0,0,0,0,0,0,0,0,0
1,0,1,0,0,0,0,0,0
0,0,0,0,0,0,0,1,0
0,0,0,0,1,0,0,0,0
1,1,0,0,0,0,0,0,0
0,0,0,1,1,1,0,0,0
1,1,0,1,0,1,1,0,1
0,1,0,0,0,0,1,0,1
0,0,0,0,1,0,0,0,0
0,0,1,0,0,0,0,1,0
1,0,1,0,1,0,0,0,0
0,0,0,0,0,0,0,1,1
0,1,0,1,0,1,1,0,1
1,0,0,0,0,0,0,1,1
1,1,0,0,0,0,0,0,0
1,1,0,0,0,0,1,0,1
0,0,1,0,1,0,0,0,1
0,1,0,0,0,0,1,0,1
0,0,0,1,1,1,0,0,0
0,0,0,1,1,0,0,0,0
0,0,0,0,0,1,0,1,0
0,1,0,1,0,1,0,0,0
0,1,0,0,0,0,1,0,1
0,1,0,1,0,0,1,1,1
1,1,0,0,0,0,1,0,1
0,0,0,1,1,0,0,0,0
1,1,0,1,1,0,1,0,1
1,0,1,0,1,0,0,0,0
0,0,0,0,1,0,0,0,0
1,0,0,0,0,0,0,0,0
0,1,0,0,0,0,1,1,1
0,0,0,1,1,1,0,0,0
1,0,0,0,0,0,0,1,0
0,1,1,0,0,0,0,1,0
1,0,0,0,0,0,0,0,0
0,0,0,1,0,0,0,0,0
0,1,0,1,1,0,1,0,1
0,1,0,0,0,0,1,0,1
0,0,0,0,0,0,0,0,0
0,1,0,1,0,1,0,0,0
0,0,0,0,0,0,0,0,0
0,0,0,1,1,0,0,0,1
1,1,0,0,0,0,0,0,0
0,0,0,1,0,1,0,0,0
0,0,0,1,1,0,0,0,0
0,1,0,0,0,1,1,0,1
0,1,1,0,0,0,0,1,0
0,0,0,0,0,0,0,0,1
0,1,0,0,1,0,1,1,1
1,1,1,0,1,0,1,0,1
0,0,1,1,0,0,0,0,0
1,1,0,0,0,0,1,0,0
0,0,0,0,1,0,0,1,0
1,1,0,0,1,0,1,0,0
0,1,1,1,0,0,1,1,1
0,1,0,0,0,0,0,0,0
0,1,0,0,0,0,1,0,0
0,0,1,0,0,0,0,0,0
0,0,0,0,1,0,0,0,0
0,0,0,1,0,0,0,0,0
0,1,0,0,0,0,1,0,0
1,1,0,0,0,0,1,0,1
0,0,0,1,0,1,0,0,0
1,0,0,1,1,0,0,1,0
0,0,0,0,0,0,0,0,0
1,0,0,0,0,0,0,1,0
0,1,0,1,0,1,0,0,0
1,0,0,0,1,0,0,0,1
0,0,0,1,0,1,0,0,0
1,1,0,1,1,1,0,1,0
1,1,0,1,0,0,0,1,0
1,1,0,0,1,0,1,0,1
0,0,1,0,1,0,0,1,1
0,0,1,0,0,0,0,0,0
1,1,0,0,0,0,1,0,0
0,0,0,1,0,1,0,0,0
0,1,0,1,0,0,1,1,1
0,0,0,0,1,1,0,0,0
1,0,1,0,0,0,0,0,0
0,1,0,1,1,1,0,0,0
0,1,1,1,0,0,0,0,0
0,1,0,0,1,0,1,1,1
1,1,1,1,1,0,1,1,1
0,0,0,1,0,1,0,0,0
0,0,0,0,0,0,0,0,0
0,0,0,0,0,0,0,0,0
0,0,1,0,0,1,0,0,0
1,1,0,0,1,1,1,0,0
1,0,1,0,0,1,0,0,0
0,0,0,1,0,0,0,0,1
0,0,1,0,0,0,0,0,1
0,1,0,1,1,0,0,0,0
0,0,0,0,0,0,0,0,0
0,1,0,1,1,1,0,0,1
0,0,0,0,0,0,0,1,0
1,0,0,0,0,0,0,0,0
1,1,0,1,0,1,1,0,1
1,0,1,0,1,0,0,0,0
1,1,0,1,1,1,0,0,0
0,1,0,0,0,1,0,0,0
0,0,1,0,1,0,0,1,0
0,0,0,0,1,0,0,1,1
0,1,0,0,0,0,0,1,0
0,0,0,0,0,0,0,1,0
1,0,0,1,0,1,0,0,0
0,1,0,0,1,0,1,0,0
0,1,0,0,0,0,0,1,0
0,0,0,0,1,0,0,0,0
0,1,0,0,0,0,1,0,1
1,0,0,1,0,1,0,0,0
0,1,0,0,0,0,0,1,1
0,1,1,0,0,0,0,1,0
0,0,0,0,0,0,0,1,1
0,0,0,1,0,1,0,0,0
0,1,0,1,0,1,0,1,0
0,0,0,0,0,0,0,0,0
0,1,0,0,0,0,0,0,1
0,1,0,1,1,1,1,0,0
0,0,0,1,1,1,0,0,1
0,1,0,1,0,1,0,0,0
0,1,0,0,1,0,1,0,0
0,1,0,0,0,1,0,1,1
0,1,0,0,0,0,1,0,1
0,1,0,0,0,0,0,0,1
1,1,0,0,0,0,1,0,1
0,0,1,1,0,0,0,0,0
0,0,0,0,0,0,0,0,0
0,1,0,1,0,1,1,1,0
1,1,0,0,0,0,0,0,0
1,1,0,1,1,0,0,0,0
0,0,0,1,0,0,0,0,0
1,1,0,1,0,0,1,1,1
1,1,0,1,0,1,1,0,0
1,0,0,1,1,0,0,0,1
0,0,1,0,0,0,0,0,0
1,0,0,0,0,0,0,0,0
0,1,0,0,0,0,0,1,0
0,1,0,0,0,0,0,0,0
1,1,0,0,0,0,0,0,1
0,0,1,0,1,0,0,0,0
0,1,0,0,0,0,0,0,0
1,1,1,1,1,1,0,0,0
1,1,0,1,1,0,1,0,0
0,1,0,1,0,1,0,0,0
0,1,0,1,0,1,0,0,0
0,1,0,0,0,0,1,0,0
0,0,1,1,0,1,0,0,0
0,1,0,0,0,0,0,0,1
0,0,0,0,0,0,0,0,0
0,0,0,1,0,1,0,0,0
0,0,0,0,0,0,0,1,1
0,1,0,0,0,1,0,0,0
1,0,1,0,0,0,0,0,0
1,1,0,0,0,0,1,1,1
0,0,0,1,1,1,0,0,0
0,1,1,0,0,0,0,0,0
0,0,0,1,0,1,0,1,0
0,0,0,0,0,0,0,0,0
0,1,0,0,0,0,1,1,1
0,0,1,1,1,0,0,0,0
0,1,1,1,0,1,1,0,1
1,0,1,0,0,0,0,1,0
0,1,1,1,0,1,0,0,0
0,0,0,0,0,0,0,1,0
0,1,0,0,0,1,1,1,0
1,0,0,1,0,0,0,1,0
0,1,1,1,0,0,1,0,1
1,0,0,0,1,0,0,1,0
0,0,0,0,1,0,0,0,0
0,0,1,0,0,0,0,0,0
0,1,1,0,0,0,1,1,0
1,0,0,1,0,1,0,0,0
1,0,0,0,0,0,0,0,0
0,1,0,0,1,0,1,1,1
0,0,0,0,1,0,0,0,1
0,1,1,1,1,1,1,0,0
1,1,0,0,0,0,1,0,1
1,1,0,0,0,0,1,0,1
1,1,0,0,0,0,0,0,0
1,0,0,1,0,0,0,0,0
0,0,0,0,0,0,0,0,0
1,1,0,0,0,0,1,0,0
0,0,0,0,1,0,0,1,0
0,1,0,0,1,0,0,0,1
1,0,0,0,1,0,0,1,1
0,1,0,0,0,0,1,0,1
0,0,0,0,0,0,0,0,0
0,0,0,1,0,1,0,1,1
1,1,0,1,0,0,1,0,1
1,0,0,0,0,0,0,0,0
0,1,0,0,0,0,0,0,0
0,1,0,1,0,1,1,0,0
1,0,0,0,0,0,0,0,0
0,1,0,0,0,0,1,0,1
0,1,0,1,0,1,1,0,1
0,0,0,0,1,0,0,1,0
0,1,0,0,0,0,1,0,0
0,1,0,0,0,0,1,0,1
0,0,0,1,0,0,0,0,1
0,0,0,1,0,0,0,0,0
0,0,0,1,0,1,0,1,0
0,1,0,0,0,0,0,0,0
0,1,0,1,0,0,1,0,1
0,1,0,0,0,0,0,0,0
0,1,0,1,1,0,1,0,0
0,1,1,0,0,0,0,1,0
0,1,0,1,0,1,0,0,0
0,1,1,1,0,1,0,0,1
1,0,1,1,0,1,0,1,0
0,0,1,1,1,0,0,0,1
1,0,0,0,0,0,0,1,0
0,0,0,0,0,0,0,0,0
0,0,1,1,1,0,0,0,0
0,0,0,1,1,1,0,1,0
0,0,0,0,0,0,0,0,0
0,0,0,0,1,0,0,0,0
0,1,0,1,0,1,0,0,0
1,1,0,0,0,0,0,0,0
0,0,0,1,1,0,0,0,0
0,1,0,1,0,0,0,0,1
0,1,0,0,0,0,1,1,1
0,1,0,1,0,0,1,0,0
0,1,0,1,0,0,0,0,1
0,1,0,0,0,0,1,0,1
0,0,0,0,0,0,0,0,0
0,0,0,0,1,0,0,1,0
0,1,0,0,0,0,0,0,0
0,1,0,1,0,0,0,0,1
0,1,1,0,1,0,0,0,1
0,0,0,1,1,0,0,0,0
1,1,0,0,0,1,0,0,0
0,0,0,0,1,0,0,1,0
0,1,0,1,0,0,1,0,1
0,1,0,0,0,0,1,1,1
1,1,1,1,0,0,1,1,0
0,1,1,0,0,0,1,0,1
0,0,0,1,0,1,0,1,0
1,1,1,0,0,0,1,0,0
1,1,0,1,0,1,0,0,0
0,0,0,0,0,0,0,0,1
1,0,1,0,0,0,0,0,1
1,1,0,1,0,0,1,0,0
0,0,1,1,0,0,0,0,0
0,1,0,1,0,0,0,1,0
0,1,0,1,0,0,1,1,0
1,1,0,0,1,0,1,0,1
0,0,0,1,0,1,0,0,0
0,1,0,0,1,0,1,1,0
0,0,0,0,0,0,0,0,1
0,0,0,0,0,0,0,0,0
0,0,0,1,0,1,0,0,0
0,0,0,0,0,0,0,1,0
0,0,0,1,0,1,0,0,1
1,0,1,1,0,1,0,1,0
1,0,0,0,0,1,0,1,0
0,0,0,1,1,1,0,0,1
1,1,1,0,0,1,1,0,1
1,0,0,0,0,1,0,0,1
1,0,0,0,0,0,0,0,0
0,1,0,0,1,0,1,0,1
0,1,0,1,0,0,1,1,1
0,1,0,0,1,0,1,0,1
0,0,1,1,0,1,0,0,0
1,1,0,1,0,1,0,0,1
0,1,0,0,0,0,0,1,1
1,1,1,0,0,0,1,0,1
0,1,0,1,0,1,1,1,1
0,1,0,0,0,0,0,0,1
0,0,0,1,0,0,0,1,1
0,0,0,0,0,0,0,0,0
1,0,0,1,0,0,0,0,0
0,1,1,1,0,1,1,0,1
0,0,0,0,0,0,0,1,0
1,1,0,1,0,1,1,0,0
0,1,1,0,0,0,0,1,0
0,1,0,0,0,0,0,0,0
1,0,0,0,0,0,0,1,0
0,1,0,1,0,0,1,0,1
0,0,0,0,1,1,0,0,0
1,0,0,0,1,0,0,0,0
0,0,1,0,0,0,0,0,0
0,1,0,1,0,0,0,1,0
0,0,0,1,1,0,0,0,0
0,1,1,1,0,1,0,1,0
0,0,1,0,1,0,0,0,0
0,1,0,0,0,0,1,0,1
0,1,1,0,1,0,0,1,1
0,0,0,1,0,0,0,0,1
0,1,1,1,1,0,1,0,0
1,1,0,0,0,0,0,1,1
0,0,0,1,0,1,0,0,1
0,0,0,0,0,0,0,0,0
0,1,1,0,1,0,1,0,1
1,0,0,0,0,0,0,0,0
0,0,0,1,0,1,0,0,0
1,0,0,0,0,0,0,1,0
0,0,0,0,0,0,0,0,0
0,0,1,0,0,0,0,0,1
1,1,0,1,0,1,0,0,0
0,0,0,0,0,0,0,1,1
1,0,0,0,0,0,0,0,0
0,1,0,0,0,0,0,0,0
0,0,0,1,0,1,0,0,0
1,0,1,0,0,0,0,0,0
0,0,1,1,0,0,0,0,0
0,0,1,1,0,1,0,1,0
1,0,0,0,0,0,0,0,0
0,0,0,0,1,1,0,0,0
1,1,0,1,1,1,1,1,1
0,0,0,0,0,0,0,1,0
1,0,0,0,0,0,0,0,0
0,1,1,0,1,0,1,0,1
0,1,1,0,0,0,0,0,0
0,0,0,0,0,0,0,0,0
0,0,1,1,1,0,0,0,1
0,1,0,1,0,0,0,0,0
1,1,0,1,0,1,0,0,0
0,1,0,1,0,0,1,0,1
0,1,0,1,0,1,0,0,0
0,0,0,1,0,0,0,0,1
0,0,0,0,0,0,0,0,1
0,0,0,0,0,0,0,0,0
0,0,0,1,0,1,0,0,0
1,0,0,1,1,0,0,0,0
1,0,0,1,0,1,0,1,1
1,0,1,0,0,0,0,0,0
1,1,0,0,0,0,0,1,1
1,1,0,0,0,1,1,0,1
0,0,0,0,1,0,0,0,0
1,1,0,0,0,0,0,0,1
0,0,0,0,1,0,0,1,0
1,0,0,0,0,0,0,0,0
0,1,0,0,0,0,0,0,0
0,0,1,1,0,0,0,1,0
0,1,0,0,0,1,0,0,0
0,0,0,0,0,0,0,0,0
1,0,0,1,0,1,0,0,0
0,1,0,0,0,0,1,0,1
0,0,0,1,0,0,0,0,0
0,0,0,0,0,1,0,0,0
0,0,0,0,0,0,0,1,0
0,0,1,0,0,1,0,0,0
0,1,0,0,1,0,0,0,0
0,1,0,1,1,1,0,0,1
0,0,0,0,0,0,0,0,0
0,1,0,1,0,0,0,1,0
1,1,0,1,0,0,0,0,0
0,0,0,0,0,0,0,1,1
1,0,0,0,1,0,0,0,0
0,0,0,0,0,0,0,1,0
0,0,0,1,0,0,0,1,0
1,0,0,0,0,1,0,0,0
0,1,1,0,0,0,0,0,1
1,0,1,0,0,0,0,0,1
0,1,1,1,0,1,1,0,1
1,0,0,0,0,0,0,0,1
0,1,1,0,0,0,1,0,1
1,0,0,0,0,0,0,0,0
1,0,0,0,0,0,0,0,0
0,0,0,0,0,0,0,0,0
1,1,0,1,0,1,1,0,0
0,1,0,0,0,0,0,1,1
1,1,0,1,0,0,0,0,0
0,0,0,1,1,1,0,1,0
0,0,0,0,0,0,0,0,0
0,0,0,0,0,0,0,0,0
0,0,0,0,0,0,0,0,0
0,0,0,1,0,1,0,0,0
1,0,1,0,0,0,0,0,0
0,0,1,0,0,0,0,0,1
1,0,0,0,0,0,0,0,0
0,0,1,0,0,0,0,0,1
0,0,0,0,0,0,0,0,0
0,1,0,1,0,0,1,0,1
1,1,0,0,0,0,1,0,1
1,0,0,1,1,1,0,0,0
0,0,0,0,0,0,0,1,1
0,1,0,0,0,0,0,0,0
1,0,1,1,1,1,0,1,0
0,1,0,1,1,1,1,0,1
1,0,1,0,0,0,0,0,0
0,0,0,1,0,0,0,1,0
0,0,1,1,1,0,0,0,1
0,0,0,0,1,0,0,0,1
0,1,0,0,0,0,1,1,1
1,1,0,0,0,0,1,0,1
1,0,0,0,1,0,0,0,0
0,1,0,1,1,0,1,1,1
0,0,0,1,1,0,0,0,0
0,1,0,1,1,1,0,1,1
0,0,0,1,1,0,0,0,0
0,1,0,1,1,1,1,1,0
1,0,1,0,0,0,0,0,0
1,1,0,1,0,0,1,0,1
0,0,0,0,0,0,0,1,0
0,0,0,1,0,1,0,0,0
0,1,0,0,0,0,1,0,1
0,0,1,0,0,0,0,0,0
1,0,0,1,0,1,0,0,0
0,0,0,0,1,0,0,1,0
1,1,0,0,0,0,1,1,1
0,1,1,0,0,0,0,0,0
1,0,0,0,0,0,0,0,0
0,0,0,0,1,0,0,0,0
0,1,0,1,1,0,0,0,1
0,1,1,1,0,1,1,0,0
1,1,0,0,0,0,0,1,0
0,0,0,0,0,0,0,0,0
0,1,0,0,0,0,0,1,0
0,1,0,1,0,0,1,0,1
0,1,0,0,0,0,1,0,1
1,0,0,0,0,0,0,0,1
1,0,0,1,0,0,0,0,0
1,1,1,1,0,1,0,0,0
1,0,1,0,1,0,0,0,0
0,1,0,1,1,0,1,0,1
0,0,0,0,0,0,0,0,1
0,0,0,0,0,0,0,0,0
0,1,1,0,1,0,0,0,0
0,0,1,1,1,0,0,0,0
0,0,0,0,0,0,0,0,1
0,1,1,0,1,0,1,0,1
1,1,0,0,0,0,1,0,1
0,0,1,0,0,0,0,0,0
0,1,0,0,0,0,0,0,0
1,0,0,0,0,0,0,0,1
0,1,0,1,0,1,0,1,0
1,0,1,1,0,1,0,0,1
0,0,0,0,0,0,0,1,0
1,0,0,0,0,0,0,0,0
0,1,0,0,0,0,1,1,1
1,1,0,0,1,0,1,0,1
0,0,1,1,0,1,0,0,1
1,0,1,0,0,1,0,1,1
0,0,0,0,0,1,0,0,0
0,1,0,0,0,0,1,0,1
0,0,0,1,0,0,0,1,0
0,0,1,1,0,1,0,0,0
0,0,1,0,0,1,0,0,0
0,0,0,0,1,0,0,0,1
1,0,0,1,0,1,0,0,0
0,0,0,0,0,0,0,1,1
1,1,1,0,0,0,1,0,0
1,0,1,0,0,0,0,0,0
1,0,0,0,0,0,0,0,1
1,0,0,0,0,0,0,1,0
0,1,0,1,1,1,1,0,0
0,0,0,0,0,0,0,0,0
0,1,0,0,0,0,1,0,1
0,1,0,0,0,0,1,0,0
1,1,0,0,1,0,1,0,1
0,0,1,0,0,0,0,0,0
0,1,0,0,0,1,1,0,1
0,0,0,0,1,0,0,0,1
0,0,1,1,0,1,0,0,0
1,0,1,1,1,0,0,0,0
0,0,0,0,0,0,0,0,0
0,0,1,1,0,1,0,0,1
1,0,1,0,1,0,0,0,0
1,0,1,0,0,0,0,1,0
0,0,0,1,0,0,0,0,0
0,0,0,0,0,0,0,0,0
0,0,0,0,1,0,0,0,0
0,1,0,0,0,0,1,0,1
0,1,0,0,0,0,0,1,0
1,1,0,0,0,0,1,1,0
1,0,0,0,0,1,0,0,0
0,0,0,0,1,0,0,1,0
0,1,1,0,0,0,1,1,1
0,0,1,1,1,0,0,0,0
0,1,0,1,0,0,1,0,1
0,0,0,1,0,0,0,0,0
0,0,0,0,1,0,0,0,1
0,0,1,1,0,1,0,0,0
1,1,1,0,1,0,0,0,0
0,1,0,0,0,0,0,1,0
0,1,1,1,1,0,0,0,0
0,1,0,0,1,0,0,0,0
1,0,0,0,0,0,0,0,0
0,0,1,0,1,0,0,0,0
0,0,0,1,0,1,0,0,0
1,0,0,0,1,0,0,1,0
0,0,1,0,1,0,0,0,0
0,0,1,0,0,0,0,0,0
0,1,0,1,0,0,0,0,0
1,0,0,0,1,0,0,1,1
0,1,0,1,0,1,0,0,0
0,1,0,0,1,0,0,1,0
0,0,0,1,0,0,0,0,0
0,0,1,0,0,0,0,0,0
1,1,0,0,0,0,0,1,0
0,0,0,1,1,0,0,0,0
1,1,1,1,0,1,1,0,0
1,1,0,1,0,0,1,0,1
0,1,0,0,0,0,0,0,0
1,1,0,1,0,1,1,1,1
1,1,0,0,1,0,0,0,0
0,1,0,0,1,0,1,0,1
0,1,0,0,0,0,1,1,1
1,0,0,1,0,1,0,1,0
0,0,1,0,1,0,0,1,0
0,0,0,0,0,0,0,0,0
0,1,0,1,0,0,0,0,1
0,0,1,0,0,0,0,1,1
0,0,0,1,0,0,0,0,0
1,0,0,1,0,0,0,0,0
1,1,0,1,0,0,0,0,1
1,0,0,0,0,0,0,0,0
0,0,1,0,0,0,0,0,0
0,0,1,1,0,1,0,1,0
1,1,0,0,0,0,1,0,1
0,0,1,1,0,0,0,0,0
1,1,0,0,0,0,1,0,1
0,1,0,1,0,0,0,1,0
0,1,0,0,0,0,1,0,0
0,1,1,0,1,0,1,0,0
0,0,0,0,0,0,0,1,0
0,0,0,0,0,0,0,0,0
0,0,0,0,0,0,0,0,0
0,1,0,0,0,0,0,0,0
1,1,0,1,0,0,0,0,0
1,0,0,0,0,1,0,0,0
1,1,0,0,0,0,1,0,0
0,1,0,0,0,0,0,0,0
1,0,0,0,0,0,0,0,0
1,0,0,0,0,0,0,1,0
0,1,0,1,0,1,1,1,1
0,1,0,1,0,1,1,0,1
1,0,0,1,1,0,0,0,0
0,0,0,1,0,1,0,1,1
0,0,1,1,1,0,0,1,1
0,0,0,0,0,0,0,0,1
0,1,0,1,1,1,1,0,1
0,1,0,1,1,1,0,1,0
0,1,0,0,1,0,0,0,0
1,0,0,0,0,0,0,0,1
0,1,0,1,0,1,1,0,0
0,1,0,1,0,1,1,0,1
0,0,0,0,0,0,0,0,0
0,0,1,0,0,0,0,0,0
1,0,1,0,0,0,0,0,0
0,0,0,0,0,0,0,0,0
0,1,0,1,0,0,1,1,0
0,0,0,1,0,1,0,1,0
0,0,1,1,0,0,0,0,0
0,1,0,0,0,1,0,1,0
0,0,0,1,0,0,0,1,0
0,1,1,0,0,0,1,1,0
0,1,0,0,0,0,0,0,0
0,1,0,0,1,1,1,0,1
1,1,1,0,0,0,1,0,1
0,0,0,0,1,0,0,0,1
0,0,1,0,0,0,0,0,0
0,1,0,0,0,0,0,0,1
1,1,0,1,0,1,0,0,0
0,1,0,0,0,0,1,0,0
0,0,0,0,0,0,0,0,0
0,0,0,0,0,0,0,0,1
0,0,0,0,0,0,0,0,0
0,0,0,0,0,0,0,0,0
0,0,0,1,0,0,0,0,0
0,0,0,1,1,1,0,0,0
0,1,0,0,1,0,1,1,1
0,1,0,1,0,1,1,0,1
0,1,1,0,0,0,1,1,1
0,1,0,0,0,0,0,0,1
0,0,0,0,0,0,0,0,0
0,0,0,0,0,0,0,0,0
0,0,0,0,0,0,0,0,0
0,1,0,0,0,0,1,0,1
0,1,0,0,1,0,1,0,0
0,0,0,0,0,0,0,0,0
0,0,0,0,0,0,0,0,0
1,0,0,1,0,0,0,1,0
0,0,0,0,0,0,0,0,0
0,0,0,1,0,0,0,1,0
1,1,1,0,0,0,1,0,1
0,1,0,0,0,0,0,1,0
0,1,1,0,0,0,1,0,1
0,0,0,1,0,1,0,0,1
0,0,0,0,0,0,0,0,1
0,0,0,1,0,1,0,1,1
1,1,1,1,1,0,1,0,0
0,1,0,0,0,0,0,1,1
1,0,0,0,0,0,0,1,0
0,0,0,0,1,0,0,0,1
0,1,1,1,0,1,0,0,1
0,1,0,1,1,1,1,0,1
0,0,0,0,0,0,0,0,0
0,1,0,0,0,0,0,0,0
0,0,0,0,0,0,0,0,1
0,0,1,0,1,0,0,0,0
0,0,1,0,0,0,0,0,1
1,0,0,0,0,0,0,0,0
0,1,0,0,1,1,1,0,0
0,1,0,1,0,0,0,0,1
0,0,0,0,0,0,0,0,1
0,0,0,1,0,0,0,0,0
0,1,0,1,0,0,1,0,1
0,1,0,0,0,0,0,0,0
1,1,0,0,0,0,0,1,1
0,0,1,1,0,0,0,0,0
0,1,0,0,0,1,0,0,0
1,1,0,0,0,0,1,1,1
0,0,0,0,1,0,0,0,1
1,0,0,0,0,0,0,0,0
0,1,0,0,0,0,1,0,1
0,1,0,0,1,0,1,1,1
0,0,1,0,0,0,0,0,1
0,1,0,0,1,0,0,0,1
0,0,0,1,0,0,0,1,0
0,0,0,1,0,1,0,0,0
0,1,1,0,0,0,1,0,0
0,0,0,0,0,0,0,0,0
1,0,0,0,0,0,0,0,0
0,0,0,0,1,0,0,0,0
0,0,1,1,0,1,0,0,0
0,1,0,0,1,0,1,0,1
0,1,0,0,1,0,1,0,0
0,1,0,1,0,0,0,0,1
0,0,0,1,0,0,0,0,0
1,0,0,0,0,0,0,0,0
0,1,0,0,0,0,0,1,0
1,0,0,1,0,1,0,0,1
0,0,0,1,0,1,0,0,0
0,1,0,0,0,1,0,0,0
0,0,0,1,0,1,0,1,1
0,1,0,0,0,1,0,0,0
1,1,0,0,0,0,1,1,1
0,1,0,0,1,0,1,1,0
1,0,0,0,0,1,0,0,0
0,1,1,1,0,1,1,0,1
0,0,0,0,1,0,0,1,0
1,1,0,0,0,0,0,0,0
1,1,0,0,1,0,1,0,1
0,0,1,1,0,1,0,0,1
1,1,0,0,0,0,0,0,0
1,1,0,0,0,1,1,0,1
1,1,1,1,0,1,0,0,0
0,0,1,1,1,1,0,0,0
1,0,0,0,0,0,0,0,0
0,1,0,0,0,0,1,0,1
0,1,0,0,0,0,1,0,0
0,0,0,1,0,1,0,1,0
0,1,1,1,0,1,0,1,0
1,0,1,0,0,0,0,0,1
0,1,0,1,0,0,1,1,1
0,0,0,1,1,0,0,0,0
1,0,0,0,1,0,0,0,0
1,1,0,0,0,0,1,0,1
1,1,0,0,0,0,0,0,0
0,0,0,1,0,1,0,0,1
0,0,0,1,0,1,0,0,1
0,1,0,1,0,0,1,0,1
1,1,1,1,0,1,0,0,0
0,1,0,1,0,0,0,1,1
1,1,1,1,0,0,1,0,1
1,0,1,1,0,0,0,0,1
1,0,0,0,1,1,0,0,1
0,1,0,1,0,0,1,0,1
0,0,0,1,0,1,0,1,0
1,1,0,0,1,0,0,0,1
0,1,0,1,0,0,1,0,1
0,1,1,1,0,1,1,0,1
0,1,0,0,1,1,0,0,0
0,1,0,0,0,0,1,0,1
0,0,0,0,0,0,0,1,0
0,1,0,0,0,0,0,1,0
1,1,0,0,1,0,0,0,0
0,0,0,0,0,0,0,0,1
1,1,0,1,1,1,0,0,0
0,0,0,1,0,0,0,0,0
0,0,1,1,0,1,0,0,0
1,1,0,0,0,0,0,0,0
0,0,0,0,1,1,0,0,1
1,1,0,1,0,1,1,0,1
0,0,0,1,0,0,0,0,0
0,1,1,0,0,0,1,0,0
0,1,0,1,1,1,1,0,1
0,0,0,0,0,0,0,0,1
1,0,1,1,0,1,0,1,0
1,1,0,1,0,1,1,0,1
1,0,1,1,1,1,0,1,0
1,0,1,0,0,0,0,0,1
0,1,0,1,1,0,0,0,0
0,1,1,0,0,0,1,0,1
0,1,1,0,0,1,1,1,1
0,1,1,0,0,0,1,0,1
0,1,0,1,0,1,0,0,0
1,0,1,0,0,0,0,0,0
0,0,0,0,1,1,0,0,1
0,0,1,0,0,0,0,1,0
0,0,0,0,0,0,0,0,0
0,1,1,1,1,0,0,0,0
0,1,0,0,0,0,1,0,1
0,0,0,1,0,0,0,0,1
0,0,0,1,0,0,0,0,1
0,1,0,1,0,0,1,0,1
0,0,1,0,0,0,0,1,0
0,0,1,0,0,1,0,1,0
0,1,1,0,0,0,1,0,0
1,0,1,0,0,0,0,1,0
0,1,1,0,0,0,0,0,0
0,1,0,0,0,0,1,1,0
0,1,0,1,0,1,0,0,1
0,1,0,1,1,0,0,0,0
1,1,0,1,0,0,0,0,0
0,1,0,0,0,0,1,1,1
0,1,0,0,0,0,0,0,0
0,1,0,1,1,1,1,0,1
0,1,0,1,1,1,1,0,0
0,0,0,1,0,0,0,0,0
0,0,0,0,1,0,0,1,0
0,1,0,0,0,0,1,0,0
1,0,0,1,1,1,0,0,0
0,0,1,0,0,0,0,0,0
0,0,0,0,1,0,0,0,0
0,1,0,0,0,0,0,0,0
0,0,0,1,0,0,0,0,0
0,0,0,0,1,0,0,1,0
0,0,0,0,0,0,0,0,1
1,0,0,1,0,0,0,0,0
0,0,0,0,0,0,0,0,1
0,0,0,0,0,0,0,0,0
0,1,0,0,0,0,0,0,0
0,0,0,0,0,0,0,0,0
0,0,0,0,1,0,0,0,0
1,0,1,0,0,0,0,1,0
0,0,1,0,0,0,0,1,0
0,0,0,1,1,1,0,0,1
1,1,1,0,0,0,0,1,0
0,0,0,0,0,0,0,0,0
0,0,1,1,0,1,0,0,1
0,0,0,0,1,0,0,1,0
0,1,0,1,0,0,1,0,0
0,0,1,0,0,0,0,1,0
0,0,0,1,0,0,0,0,0
0,1,0,0,0,0,1,1,1
1,1,1,0,0,0,1,1,1
1,0,0,0,0,0,0,0,1
0,0,1,1,1,0,0,0,0
0,1,0,0,0,1,0,0,0
1,0,0,0,0,1,0,0,0
1,1,0,0,1,0,1,0,1
1,1,0,0,0,0,1,0,0
0,1,0,0,0,0,0,1,0
0,0,0,1,0,1,0,1,1
0,0,0,0,0,0,0,0,0
0,1,0,0,0,0,0,0,1
0,0,0,1,1,1,0,0,1
0,1,0,0,0,0,1,0,1
1,0,1,0,1,0,0,0,1
0,1,0,0,0,0,1,1,0
1,1,0,0,0,0,0,1,0
0,0,0,0,1,0,0,0,1
0,1,0,1,1,0,1,0,1
1,0,0,0,0,0,0,1,0
0,0,0,0,1,0,0,1,1
0,0,0,0,1,0,0,0,0
0,0,0,0,0,0,0,0,0
0,0,1,1,0,1,0,0,1
0,0,1,1,0,0,0,0,0
0,0,1,1,0,1,0,1,0
0,1,0,0,0,0,0,1,1
0,0,0,0,0,0,0,0,0
1,1,0,0,1,0,0,0,0
0,0,0,1,0,0,0,1,1
0,1,1,0,1,1,0,1,0
1,0,0,1,1,0,0,0,1
0,1,1,0,0,0,0,0,0
1,0,0,1,0,0,0,0,0
0,1,1,1,0,1,1,0,1
0,1,0,0,0,0,1,1,1
0,1,1,1,0,0,1,1,1
1,1,0,0,0,0,1,0,1
1,0,1,0,0,0,0,0,0
0,0,1,0,0,1,0,0,0
0,1,0,0,0,0,1,0,1
0,0,0,1,1,1,0,0,1
1,0,0,1,1,1,0,1,1
0,1,0,0,0,0,1,0,1
0,0,0,1,1,0,0,0,0
0,0,0,1,0,1,0,0,1
1,0,0,1,0,0,0,0,0
1,1,0,0,0,0,1,0,1
1,1,0,0,0,0,0,0,0
0,1,0,0,1,0,1,0,1
0,1,0,1,0,1,0,0,0
0,1,0,1,0,0,1,0,1
0,0,0,1,1,0,0,1,0
0,0,1,0,0,0,0,0,0
0,0,0,0,0,0,0,0,0
1,0,1,1,0,0,0,0,0
0,1,0,0,0,0,0,0,0
0,0,1,1,1,1,0,0,1
0,1,1,1,0,1,1,0,0
0,1,0,0,0,0,1,0,1
0,0,0,0,1,0,0,0,1
0,0,0,0,0,0,0,1,1
0,0,0,0,0,0,0,1,0
1,1,1,1,0,0,1,0,1
0,0,0,0,1,0,0,0,1
0,0,1,0,0,0,0,0,0
1,1,0,1,0,0,0,0,0
0,1,0,0,0,0,0,0,0
1,0,0,0,0,0,0,0,0
1,1,0,0,1,0,1,0,1
1,1,0,0,0,0,1,1,1
1,1,0,0,0,0,1,0,1
0,1,0,0,0,0,0,0,1
1,1,0,0,0,0,0,0,0
0,0,0,0,0,0,0,0,0
1,0,0,0,0,0,0,0,0
0,0,0,0,0,0,0,0,0
1,0,0,0,1,0,0,0,0
0,1,0,1,0,0,1,0,0
0,1,0,0,0,0,1,0,1
1,0,1,1,0,0,0,0,0
0,1,1,0,0,0,1,0,1
0,0,0,1,0,0,0,0,0
0,0,0,0,1,0,0,0,1
0,0,0,0,0,0,0,0,0
0,0,0,0,0,0,0,0,1
0,0,0,0,0,0,0,0,0
0,1,0,1,0,1,0,1,0
0,1,1,0,1,0,0,1,0
0,0,1,0,0,0,0,0,0
0,1,1,1,0,0,1,1,0
0,1,0,1,0,0,0,0,0
0,1,0,0,0,0,1,0,1
0,0,0,0,1,0,0,0,0
0,1,0,1,1,0,0,0,0
0,1,0,0,0,0,1,1,0
1,0,0,1,0,0,0,1,0
0,1,0,0,0,0,0,1,0
0,0,1,1,1,1,0,0,1
0,1,0,0,1,0,1,0,0
0,1,0,0,0,0,1,1,1
0,0,0,0,0,0,0,1,0
0,0,1,0,0,0,0,0,0
0,1,0,0,0,0,1,0,1
0,0,1,1,0,1,0,1,0
0,0,0,0,0,0,0,0,1
0,1,0,0,0,0,0,0,0
0,1,0,1,0,0,1,0,0
0,0,0,0,0,0,0,0,1
1,0,0,1,0,1,0,1,0
0,0,0,0,0,0,0,1,0
1,0,0,1,0,1,0,0,1
0,1,0,1,0,1,1,0,1
0,1,1,0,0,0,0,0,0
0,0,0,1,0,0,0,0,0
1,1,0,0,1,0,0,0,0
0,1,0,0,0,0,1,0,1
0,1,1,0,0,0,0,0,0
0,1,1,1,0,1,1,1,0
0,0,1,1,0,1,0,0,0
0,1,0,0,0,0,1,0,1
0,0,1,0,0,0,0,1,0
0,1,0,1,1,0,0,1,0
0,1,0,1,0,0,1,0,0
0,0,0,1,0,1,0,0,1
1,0,0,0,0,0,0,1,0
0,1,1,0,0,1,0,0,1
0,0,0,1,0,0,0,0,0
0,0,0,1,0,1,0,0,0
1,1,1,0,1,0,1,1,1
0,1,0,0,0,0,1,0,0
0,1,1,1,0,1,0,0,0
1,0,0,0,1,1,0,0,0
0,1,1,1,0,1,1,0,0
0,0,0,0,0,0,0,0,1
1,0,0,0,0,0,0,0,0
0,0,0,0,0,0,0,0,1
0,1,0,0,1,0,1,0,1
0,0,0,0,0,0,0,0,1
1,1,1,0,1,0,0,0,0
0,0,0,0,0,0,0,0,0
0,0,0,0,0,0,0,0,0
0,0,0,1,0,1,0,1,0
0,0,0,0,0,0,0,0,1
1,1,0,0,0,0,0,0,0
0,0,0,0,0,0,0,0,1
0,0,0,1,0,1,0,0,0
0,1,0,0,0,0,1,1,1
0,1,0,0,1,0,1,0,1
0,0,0,0,0,0,0,0,0
0,0,0,0,0,0,0,1,0
0,0,0,1,0,1,0,1,0
1,1,0,0,0,0,0,0,0
0,0,0,1,1,0,0,0,0
0,1,0,1,1,1,1,0,0
0,1,0,1,0,0,1,1,0
0,0,0,0,0,0,0,0,0
0,1,0,1,1,0,1,0,1
1,0,0,0,0,0,0,1,0
1,1,1,0,0,0,1,0,1
0,1,0,0,0,0,1,0,0
0,0,0,1,0,1,0,0,1
0,0,0,1,1,1,0,1,0
1,0,0,1,0,0,0,0,0
0,0,1,0,0,0,0,0,0
0,1,0,0,1,0,1,0,1
0,1,1,0,0,0,1,0,1
1,1,0,1,1,1,1,0,1
0,0,0,0,0,0,0,0,1
0,0,0,0,0,0,0,0,0
0,1,0,0,0,0,0,0,0
0,1,0,1,0,0,1,0,1
0,0,1,0,0,0,0,1,0
0,0,0,0,0,0,0,0,0
0,0,0,0,0,0,0,0,0
1,0,0,0,0,0,0,1,1
0,0,1,0,0,0,0,0,0
0,0,0,0,0,1,0,0,0
0,1,0,0,0,0,1,0,0
1,1,1,0,0,0,0,0,0
1,1,0,0,0,1,0,0,0
0,1,0,0,1,0,1,1,1
0,0,0,0,0,0,0,0,0
0,0,0,0,0,0,0,0,0
1,0,0,0,1,0,0,0,0
0,1,0,1,0,1,1,0,1
0,0,0,0,1,0,0,1,0
0,1,0,0,0,1,0,0,0
0,0,0,1,0,0,0,0,0
0,1,0,0,0,0,0,0,1
1,0,1,0,0,0,0,0,0
1,0,1,1,0,0,0,1,0
0,0,1,0,0,0,0,1,0
0,0,1,0,1,0,0,0,0
0,1,1,1,0,0,1,0,1
0,0,0,0,0,0,0,0,0
0,1,0,0,1,0,1,1,1
1,1,1,1,0,1,0,1,0
0,1,0,1,0,1,0,0,0
0,1,0,0,1,1,1,0,1
0,1,0,0,0,0,1,0,1
0,1,0,0,0,0,0,0,0
0,1,0,0,0,1,1,0,1
0,0,0,0,0,0,0,1,1
1,0,0,0,0,1,0,1,0
0,1,0,1,0,1,0,1,0
1,0,1,0,1,0,0,1,0
0,0,0,0,0,0,0,0,0
0,1,0,0,0,0,1,0,1
0,0,0,0,0,0,0,0,0
0,0,1,0,0,0,0,1,0
1,1,0,0,0,1,1,0,0
0,1,1,0,0,1,1,0,0
0,0,0,1,0,1,0,0,1
0,1,0,1,1,1,0,1,1
0,1,0,0,0,0,0,0,1
0,0,0,0,0,0,0,1,1
0,1,1,0,1,0,1,0,0
0,0,0,0,0,0,0,0,1
0,1,0,1,0,0,1,0,0
0,1,0,0,0,0,0,1,0
0,0,0,0,0,0,0,0,0
1,1,0,1,0,1,0,0,1
0,0,1,1,0,0,0,0,0
0,0,0,0,0,0,0,0,0
0,1,0,0,0,1,0,0,0
0,0,0,1,1,1,0,0,1
0,1,1,0,0,0,0,1,0
0,0,0,0,0,0,0,0,0
0,1,0,0,0,0,1,0,1
1,1,0,1,1,1,0,0,0
0,0,0,0,0,0,0,0,0
1,1,0,1,0,1,0,0,0
0,0,1,0,0,1,0,0,0
1,0,0,0,0,0,0,1,0
1,0,0,0,1,0,0,0,0
0,1,0,1,1,0,1,0,1
0,0,1,1,0,1,0,1,0
0,1,0,1,0,1,0,0,1
0,0,1,0,1,0,0,0,0
0,0,0,1,0,1,0,0,1
0,1,1,0,0,0,1,0,1
0,1,0,1,0,1,0,0,0
1,1,1,1,0,0,1,0,1
0,0,1,0,0,0,0,0,0
0,0,0,1,1,0,0,0,1
0,1,1,1,0,0,1,0,0
1,1,0,1,0,0,1,0,1
1,1,1,0,0,0,1,1,1
0,0,0,0,1,0,0,0,0
0,1,0,0,1,1,1,0,1
0,0,0,0,1,1,0,1,1
0,1,0,0,0,0,1,0,1
0,1,1,0,0,0,1,0,1
0,0,0,0,1,0,0,1,0
0,1,0,1,0,1,1,0,1
1,0,0,0,0,0,0,0,1
0,1,0,0,0,0,1,1,1
0,0,1,0,0,0,0,0,1
0,0,0,1,1,0,0,0,0
0,0,0,1,1,0,0,0,0
0,1,0,0,1,0,1,1,1
0,0,0,0,1,0,0,1,1
0,0,0,0,0,0,0,0,0
1,0,1,0,0,0,0,0,0
0,1,0,1,0,0,1,0,1
0,0,0,0,1,0,0,1,1
0,0,1,0,0,0,0,0,0
0,0,0,0,0,0,0,0,0
1,0,0,1,0,1,0,0,0
0,0,1,0,0,0,0,0,0
0,1,1,0,0,0,1,0,0
1,1,0,0,0,1,0,0,1
1,0,0,0,0,0,0,0,0
0,1,0,0,1,0,0,0,1
0,1,0,1,1,1,0,0,1
0,0,0,0,1,0,0,0,0
0,1,0,0,0,0,1,0,1
0,1,0,0,0,0,0,1,0
0,1,0,0,0,0,1,1,1
0,1,0,0,0,0,1,0,0
0,0,1,1,1,1,0,0,0
0,0,0,0,0,0,0,1,1
1,1,0,0,0,0,0,0,0
0,1,0,1,1,0,1,0,1
1,1,1,0,0,0,1,0,1
0,0,0,1,0,1,0,0,0
0,1,0,0,0,0,1,0,1
0,0,0,0,0,0,0,1,0
0,1,1,0,0,0,0,0,1
0,1,0,0,1,0,1,1,0
0,0,0,1,0,0,0,0,0
0,0,1,0,0,0,0,0,0
0,0,0,1,0,0,0,1,0
0,1,0,1,0,0,1,0,1
0,0,0,1,0,1,0,0,0
1,0,1,0,1,0,0,0,0
0,1,0,1,0,0,0,0,1
0,0,0,0,1,0,0,0,0
0,0,0,0,0,0,0,1,0
0,1,1,0,0,0,1,0,1
0,0,1,0,0,0,0,0,0
0,0,0,0,0,0,0,0,0
0,0,1,1,1,1,0,0,0
0,0,0,0,0,0,0,1,0
0,1,0,0,0,0,1,1,1
0,1,0,0,1,0,1,1,1
1,0,0,0,0,0,0,0,0
1,1,1,0,0,0,1,0,1
1,0,0,0,0,0,0,0,1
0,0,1,1,0,1,0,0,0
0,0,0,0,0,1,0,0,0
1,1,0,0,1,0,1,0,1
0,1,0,0,1,0,1,1,1
0,0,0,1,0,0,0,0,0
0,0,1,1,1,0,0,0,0
1,0,1,0,0,0,0,1,0
0,0,0,0,0,0,0,1,0
0,0,0,0,0,0,0,0,0
0,1,0,0,0,0,1,1,0
0,1,0,0,0,0,0,0,1
0,1,0,1,0,0,0,0,1
0,1,0,0,0,0,0,0,0
0,0,0,0,1,0,0,0,0
0,1,0,0,0,0,1,0,1
0,1,0,0,0,0,1,0,0
0,0,0,0,0,0,0,0,0
0,1,1,1,0,1,0,1,0
1,0,0,1,0,1,0,0,1
0,0,0,0,0,0,0,0,0
0,0,0,1,1,1,0,0,0
0,1,0,0,0,0,1,0,1
1,1,1,1,0,0,0,0,0
1,1,0,1,0,0,1,0,0
0,0,1,0,0,0,0,0,0
0,0,1,1,1,0,0,0,0
0,1,1,0,0,0,1,0,1
1,0,0,0,0,0,0,0,0
0,0,0,1,0,1,0,0,0
0,0,0,0,0,0,0,0,1
0,0,0,1,0,1,0,0,1
0,0,0,0,1,0,0,1,0
0,1,0,0,0,0,1,1,1
0,1,0,1,0,0,1,0,1
0,0,1,0,0,0,0,1,0
0,1,1,1,0,0,1,0,1
0,0,0,0,0,0,0,0,0
0,1,0,1,0,0,0,1,1
0,1,0,1,1,1,1,0,0
1,1,0,1,0,1,1,0,1
0,0,0,0,0,0,0,1,0
0,0,0,0,0,0,0,0,0
0,0,0,0,0,0,0,1,0
0,0,0,0,1,0,0,1,1
0,1,0,0,0,0,0,0,0
0,1,0,1,1,1,0,0,0
0,0,0,0,0,0,0,0,1
0,0,0,0,0,0,0,1,0
0,0,0,0,1,0,0,1,0
0,1,0,0,1,0,0,0,0
1,1,0,0,0,0,0,0,0
0,1,1,0,0,0,1,0,1
1,0,0,0,0,0,0,1,0
0,1,0,0,0,0,1,0,1
0,0,0,0,0,0,0,0,0
1,0,0,1,0,0,0,0,0
0,1,0,0,0,0,1,0,0
0,1,0,1,0,1,0,0,1
0,0,1,1,0,0,0,0,1
0,1,0,0,0,0,1,0,0
1,0,0,0,0,0,0,0,0
1,0,1,0,0,0,0,0,0
0,0,0,1,0,0,0,0,0
0,0,0,0,0,0,0,0,0
1,1,0,0,0,0,0,0,0
1,1,1,0,1,0,0,0,1
0,0,0,1,0,1,0,0,0
0,0,0,0,1,0,0,0,0
0,1,1,1,0,0,1,0,1
0,0,0,0,0,0,0,0,1
1,0,0,0,0,1,0,1,0
0,1,0,1,0,1,1,0,1
0,1,1,1,0,1,0,0,1
0,1,0,0,0,0,1,1,1
0,1,0,1,1,0,1,0,0
1,1,0,1,1,1,0,1,1
1,1,1,0,1,0,1,1,0
1,1,1,0,1,0,0,1,0
1,0,0,0,0,0,0,1,0
1,0,0,0,0,0,0,0,0
1,0,1,0,0,0,0,1,1
1,1,1,1,0,0,1,0,0
0,0,0,1,0,1,0,1,0
1,0,0,1,0,0,0,0,1
1,0,1,1,0,0,0,0,0
0,1,0,0,0,0,1,0,0
1,0,0,0,1,0,0,0,0
0,1,1,0,0,0,1,1,0
0,0,0,0,1,0,0,0,0
0,1,0,0,0,0,1,1,1
0,1,0,1,0,1,0,0,1
1,1,0,0,0,0,1,0,1
0,1,0,0,0,0,1,1,1
0,1,0,1,0,0,1,0,0
0,1,0,0,0,0,1,0,1
0,0,0,0,1,0,0,0,0
0,1,0,0,0,0,1,0,1
1,0,0,0,0,0,0,1,0
0,0,1,0,0,0,0,0,0
1,1,0,0,0,0,0,0,0
0,0,0,0,0,0,0,0,0
0,1,1,0,0,0,1,0,1
0,1,1,0,0,0,0,0,0
1,1,0,1,0,0,0,1,0
0,1,0,0,0,1,0,0,0
1,0,1,0,1,0,0,0,0
0,0,0,1,0,1,0,1,0
0,0,0,1,0,0,0,1,1
0,0,0,0,0,0,0,0,0
0,0,0,0,0,0,0,0,1
0,1,0,0,0,1,1,0,0
0,0,1,1,0,0,0,0,0
1,1,0,0,1,1,1,0,1
1,0,0,1,0,1,0,0,1
0,0,0,1,0,1,0,0,0
1,1,1,0,0,0,1,0,1
0,1,0,1,0,1,1,0,1
1,1,0,1,0,0,0,0,0
0,0,1,0,0,0,0,0,0
1,1,0,0,0,0,1,1,0
0,0,0,0,0,0,0,0,0
1,0,0,0,0,0,0,1,0
0,0,0,0,0,0,0,0,0
0,1,0,1,0,1,1,1,1
0,0,0,1,0,1,0,1,0
0,0,0,0,1,0,0,0,1
0,1,0,0,0,0,0,0,0
0,0,0,0,0,0,0,0,0
1,0,0,1,0,0,0,0,0
0,1,0,0,1,0,0,0,1
0,1,1,0,0,0,0,0,1
1,0,0,0,0,0,0,0,0
0,0,0,0,0,0,0,0,0
0,1,0,1,0,0,1,1,1
0,1,0,0,0,0,1,1,1
0,1,0,1,0,0,1,0,1
1,1,0,0,0,0,1,0,1
0,1,0,0,1,1,0,0,0
0,0,0,1,0,0,0,0,0
0,1,0,1,1,1,1,1,1
1,0,1,0,0,0,0,0,1
0,0,0,0,1,0,0,0,0
0,1,0,1,1,0,1,0,0
0,1,0,0,0,0,1,1,1
0,1,0,1,0,0,0,0,1
0,0,0,0,0,0,0,0,0
0,1,0,0,0,0,1,1,0
0,1,0,1,0,0,1,0,1
0,1,0,0,0,0,1,0,1
1,0,0,0,0,0,0,0,0
0,0,0,1,1,1,0,1,0
1,0,0,0,0,0,0,1,1
1,1,1,0,0,0,0,0,0
0,0,0,0,0,0,0,0,0
1,1,1,1,0,1,0,0,0
0,0,0,0,0,1,0,1,0
1,0,0,0,1,0,0,0,1
0,0,0,0,0,0,0,0,1
0,0,1,0,1,0,0,0,0
0,1,0,0,0,1,0,0,0
0,1,0,1,0,0,1,1,1
0,0,0,0,0,0,0,0,0
0,1,0,1,0,1,1,1,0
1,1,0,0,0,0,1,1,0
0,0,1,1,0,1,0,1,0
0,0,0,0,1,0,0,0,0
0,1,0,1,0,1,0,0,0
0,1,1,0,0,0,0,0,0
0,1,0,0,1,0,0,1,0
1,0,0,1,0,1,0,0,0
1,1,0,1,0,0,1,1,1
0,0,0,0,0,0,0,0,0
0,0,0,1,0,0,0,0,0
0,0,0,0,0,1,0,0,0
1,0,1,1,0,1,0,0,0
1,0,0,0,0,0,0,1,1
0,0,0,0,1,0,0,0,0
1,1,0,1,0,0,0,0,0
0,1,0,0,0,1,0,0,1
0,0,0,0,0,0,0,1,0
0,0,0,0,1,0,0,0,0
0,1,0,1,0,0,1,0,1
0,1,0,1,0,1,1,1,1
0,1,0,1,0,1,1,1,1
1,1,1,1,1,0,1,0,1
1,0,0,1,0,1,0,0,1
1,0,0,0,0,0,0,0,0
0,1,0,0,0,0,0,0,0
1,0,0,1,0,0,0,1,0
0,0,0,1,0,1,0,0,0
0,1,0,0,0,0,0,1,0
0,1,1,0,0,1,1,1,0
0,0,1,1,0,0,0,1,0
1,1,0,0,0,0,1,0,1
0,0,0,0,0,0,0,0,0
1,1,1,0,0,0,0,0,0
0,1,0,0,0,0,1,0,1
0,0,0,1,0,0,0,1,0
0,1,0,0,0,0,1,0,1
0,0,0,0,0,0,0,0,0
0,1,0,0,0,0,1,0,0
0,1,1,0,1,0,0,0,0
0,0,0,0,0,0,0,0,0
0,1,0,0,0,0,0,0,1
0,1,0,1,1,0,1,0,1
0,1,1,1,0,0,0,1,1
0,0,0,0,0,0,0,0,1
0,0,1,0,0,0,0,1,1
1,0,0,0,0,0,0,0,0
1,0,0,1,0,0,0,0,0
1,1,0,0,0,0,0,0,1
0,1,1,0,1,0,1,0,1
0,1,0,1,0,0,1,1,1
0,1,1,1,0,1,0,0,0
0,1,0,0,0,0,0,1,0
0,0,0,1,0,0,0,0,1
0,0,0,0,1,0,0,0,0
0,1,0,0,0,0,0,0,0
0,0,1,0,1,0,0,0,0
0,0,0,0,0,0,0,0,0
0,0,0,0,0,0,0,0,0
1,0,0,0,0,0,0,0,1
1,1,1,0,0,0,0,0,0
0,1,0,1,0,1,1,0,1
0,0,0,1,0,0,0,0,1
0,0,0,1,0,1,0,0,0
0,1,0,0,0,0,0,0,0
1,1,1,1,0,1,1,0,1
0,0,0,0,0,0,0,0,1
0,1,0,1,0,0,0,1,0
0,1,1,0,0,0,0,0,1
1,0,0,0,0,0,0,0,0
0,0,1,0,0,0,0,0,0
0,0,0,0,0,0,0,0,0
0,1,0,1,0,1,1,0,0
0,0,0,1,1,0,0,0,0
0,0,0,1,0,0,0,0,0
0,0,0,0,1,0,0,0,0
0,0,1,0,1,0,0,1,0
0,0,0,1,0,1,0,0,0
0,0,0,1,0,0,0,1,0
0,1,0,0,0,0,1,0,1
1,1,0,0,1,0,1,0,1
0,0,0,0,0,0,0,0,0
0,0,0,0,1,0,0,0,0
1,0,1,0,0,0,0,0,0
0,1,0,0,1,0,1,0,0
0,1,0,0,1,0,1,0,1
0,0,1,0,1,0,0,1,0
1,0,1,0,0,0,0,0,0
0,1,1,1,0,0,0,0,0
0,0,0,1,1,1,0,0,0
0,0,0,1,0,1,0,0,1
0,1,0,1,1,0,0,0,1
0,0,1,0,1,0,0,0,0
0,0,1,1,1,0,0,1,0
0,0,0,0,0,0,0,1,1
0,0,0,0,0,0,0,0,0
0,1,0,0,0,0,0,0,0
0,0,1,0,0,0,0,1,0
1,0,0,0,0,1,0,0,0
0,0,0,0,0,0,0,0,0
0,0,0,1,1,0,0,1,0
1,0,0,1,0,0,0,1,0
0,0,0,1,1,0,0,0,0
1,1,1,0,1,0,1,0,1
0,0,1,1,0,0,0,0,0
1,0,0,1,1,0,0,0,0
0,1,0,1,0,1,1,1,0
0,1,0,0,0,0,1,1,0
0,1,1,0,0,0,1,0,1
0,0,0,0,0,0,0,0,0
0,0,0,0,0,0,0,0,1
0,0,1,1,0,1,0,0,0
0,1,1,0,1,0,1,1,1
1,0,0,1,0,1,0,0,0
0,1,0,0,0,0,0,0,0
0,0,0,0,1,0,0,0,1
0,1,1,0,0,0,0,0,0
1,1,0,1,0,0,1,0,0
1,0,0,0,1,0,0,0,0
0,0,0,1,0,1,0,0,1
1,0,0,0,0,0,0,0,0
0,1,0,0,0,0,0,0,1
0,1,0,1,0,1,0,0,0
1,0,0,0,1,0,0,0,0
0,1,1,0,0,0,0,0,0
0,1,0,0,0,0,0,0,1
0,1,1,1,0,0,1,0,1
0,1,0,1,0,0,0,1,0
0,0,0,0,0,0,0,0,0
0,0,0,1,0,0,0,1,1
1,0,0,0,0,0,0,1,0
0,1,0,0,0,0,0,0,0
0,1,1,0,0,0,1,0,1
0,0,0,0,0,0,0,0,0
0,1,1,0,0,0,1,0,0
0,0,0,1,0,1,0,0,1
0,1,0,0,0,0,1,0,1
0,1,1,1,0,1,0,0,1
1,0,0,1,0,0,0,1,0
0,0,1,0,1,0,0,0,1
0,0,1,0,0,0,0,0,1
1,1,0,0,0,0,1,0,1
0,1,1,1,0,1,1,1,1
0,1,0,1,0,1,0,0,0
1,1,0,0,0,0,1,0,0
0,0,1,0,1,0,0,0,1
0,0,0,0,1,0,0,1,0
1,0,0,0,0,0,0,0,0
0,0,0,0,1,0,0,1,0
0,1,1,1,0,1,1,0,1
0,1,1,0,0,0,0,0,0
0,1,0,1,1,0,1,0,0
0,1,1,0,0,0,1,0,1
0,0,0,0,0,0,0,0,0
1,1,0,0,0,0,1,0,1
0,0,1,0,1,0,0,1,0
0,0,0,1,0,0,0,0,0
0,1,0,0,0,1,1,1,1
0,0,0,1,0,0,0,0,0
1,0,1,0,1,0,0,0,1
0,0,1,0,1,0,0,0,0
0,0,0,1,0,0,0,0,1
0,1,0,1,0,0,1,1,1
1,0,0,1,0,0,0,0,0
0,0,0,0,0,0,0,0,0
0,1,1,0,0,0,0,0,0
0,0,0,0,0,0,0,0,1
0,1,0,0,0,0,1,0,1
1,0,0,0,0,0,0,0,0
0,0,0,1,0,1,0,1,0
0,1,0,1,0,1,0,0,0
0,1,0,0,1,0,1,1,1
1,1,0,0,1,0,1,0,0
0,0,1,0,1,0,0,0,0
1,1,0,0,0,1,1,0,1
0,0,0,1,1,1,0,0,0
0,1,0,1,0,0,1,0,1
0,1,0,0,0,0,1,0,0
1,0,0,0,0,0,0,1,0
0,0,0,0,0,0,0,1,1
1,1,0,0,0,0,0,0,0
0,0,0,1,0,1,0,0,0
0,1,0,1,0,1,1,0,0
1,0,1,1,0,0,0,0,0
0,1,0,0,0,0,1,0,0
0,0,1,1,0,1,0,0,0
0,0,0,0,0,0,0,0,1
0,0,0,1,0,0,0,1,0
0,0,0,1,0,1,0,1,0
0,1,0,0,1,0,1,0,1
0,1,0,1,1,1,0,1,0
0,1,1,0,1,1,1,1,1
0,0,0,1,1,1,0,0,0
0,0,0,0,0,0,0,0,0
0,1,0,1,0,0,1,0,1
0,1,0,0,0,1,1,0,1
0,0,0,0,1,0,0,1,1
0,1,0,0,1,0,0,0,0
0,0,1,1,0,1,0,0,0
0,1,0,0,0,0,1,0,0
0,0,0,1,1,1,0,0,0
1,0,0,0,0,0,0,1,0
0,0,0,0,1,1,0,0,0
1,0,0,0,1,0,0,0,0
0,0,0,1,0,0,0,0,0
1,1,0,0,0,0,1,0,1
0,0,1,1,0,1,0,0,1
0,1,0,0,0,0,1,0,1
0,0,0,0,1,0,0,0,0
0,1,1,0,0,0,0,0,1
1,0,1,1,1,0,0,0,0
0,1,1,1,0,1,1,1,0
0,0,0,0,1,0,0,0,0
0,0,0,0,0,0,0,0,0
0,1,0,0,0,0,0,0,0
1,1,0,1,1,1,0,0,0
1,0,0,1,0,1,0,0,1
0,0,1,0,0,0,0,1,0
0,1,0,0,0,0,1,1,0
0,0,0,0,1,0,0,0,0
1,0,1,0,0,0,0,1,0
0,0,0,1,1,0,0,1,1
0,1,0,0,0,0,1,0,0
0,0,0,0,0,0,0,0,1
0,0,1,0,0,0,0,1,0
0,0,1,0,0,0,0,1,0
0,1,0,0,0,0,1,0,1
0,0,1,0,0,0,0,1,0
1,1,0,1,0,1,0,0,0
0,0,0,1,0,0,0,1,1
0,0,1,1,0,0,0,0,0
0,0,0,0,0,0,0,0,0
0,0,0,0,0,0,0,0,0
0,0,1,0,0,0,0,1,0
1,0,0,1,0,0,0,0,0
0,1,0,0,1,0,1,0,1
1,0,0,1,0,1,0,0,1
1,1,0,0,0,0,1,0,0
0,1,0,0,0,0,1,0,1
0,1,0,0,1,0,1,0,1
0,0,0,1,0,1,0,0,0
0,0,1,1,1,0,0,0,0
0,0,1,0,0,0,0,0,0
0,0,0,0,1,0,0,0,1
1,0,1,0,1,0,0,0,0
1,1,0,0,0,0,1,0,1
0,0,0,0,1,0,0,0,0
0,1,0,0,1,0,1,0,1
0,1,0,0,0,0,1,0,1
0,1,0,0,0,0,1,0,1
0,1,1,0,1,0,1,0,1
0,1,0,0,1,0,1,0,0
0,0,0,1,0,0,0,0,1
0,1,0,0,1,0,0,0,0
0,0,0,1,1,1,0,1,0
1,0,1,0,0,0,0,0,0
1,1,1,1,0,0,1,0,1
0,0,0,0,0,0,0,0,0
0,0,0,0,0,0,0,0,0
0,0,0,1,0,1,0,1,1
0,1,0,0,0,0,1,0,1
1,0,0,1,0,0,0,0,1
0,0,0,0,1,0,0,0,0
1,0,0,0,0,0,0,1,0
0,1,0,1,1,0,0,0,0
0,0,1,0,0,0,0,0,0
1,0,0,0,1,0,0,0,1
0,1,1,1,0,1,1,1,1
0,0,1,0,0,0,0,0,1
1,1,0,0,0,0,0,1,1
0,1,0,1,0,0,1,0,1
0,0,0,0,0,0,0,0,0
0,1,0,0,0,0,0,0,0
1,0,0,0,0,0,0,0,0
0,1,0,1,1,1,0,0,0
1,1,0,0,0,0,1,0,1
0,1,0,0,1,0,1,1,0
0,0,0,1,0,1,0,0,0
0,1,0,0,0,0,1,1,1
1,1,0,1,0,1,1,1,0
0,1,0,0,0,0,1,0,1
0,1,1,0,0,0,0,0,0
0,1,0,0,1,0,1,0,1
0,1,0,1,1,0,1,0,1
1,0,0,0,1,0,0,0,0
0,1,1,0,1,0,0,0,0
1,0,0,1,0,1,0,0,0
0,0,0,1,0,0,0,1,0
0,0,1,1,0,0,0,0,1
1,0,0,1,0,0,0,0,1
0,0,0,0,1,0,0,0,0
0,1,1,0,1,0,1,0,1
1,1,0,0,0,0,1,0,1
0,0,0,0,0,0,0,0,1
1,0,0,0,1,0,0,0,1
0,1,0,1,0,1,1,1,1
1,0,1,0,1,0,0,0,0
0,0,0,0,1,0,0,0,0
1,1,0,0,1,0,1,1,1
1,0,0,0,0,0,0,0,0
0,0,0,0,1,0,0,0,0
0,1,0,0,0,0,1,1,1
0,0,0,0,0,0,0,0,1
0,1,1,1,0,1,0,0,1
0,0,0,1,0,1,0,0,1
1,1,0,0,0,0,1,1,1
0,1,0,1,0,0,1,0,1
1,1,1,0,0,0,1,1,0
0,1,0,0,1,0,1,0,1
0,1,0,0,1,0,0,0,1
0,0,0,0,0,1,0,0,1
1,0,1,1,1,1,0,0,0
0,0,1,0,0,1,0,1,0
1,1,0,1,0,0,0,0,1
0,0,0,0,0,0,0,0,1
0,0,0,1,0,1,0,1,1
0,1,1,0,0,0,0,0,0
0,0,0,0,0,0,0,0,0
0,0,0,0,0,0,0,1,0
0,0,1,1,0,1,0,0,0
0,1,0,1,0,0,0,1,0
1,0,0,1,0,0,0,0,0
0,0,0,1,0,0,0,0,0
1,1,0,1,0,0,1,1,1
0,1,1,1,0,0,1,0,0
0,0,1,0,0,0,0,0,0
0,0,0,0,0,0,0,0,0
0,0,0,0,0,0,0,0,1
1,1,0,1,0,0,1,0,1
0,0,0,1,0,0,0,0,1
0,1,1,1,0,1,0,0,0
0,0,1,1,0,0,0,0,0
1,0,1,0,0,1,0,1,0
0,1,0,1,0,0,1,0,1
0,1,0,1,0,0,1,0,1
0,0,0,0,1,0,0,1,0
0,1,0,0,0,0,1,1,0
0,1,1,1,1,0,0,1,0
0,1,0,0,0,0,0,0,1
0,1,0,1,0,0,0,0,0
0,0,1,0,0,0,0,0,0
0,0,0,0,0,0,0,0,0
0,1,0,0,0,0,1,0,1
0,0,0,1,0,1,0,1,1
0,0,0,1,1,0,0,0,0
0,0,1,0,0,0,0,0,0
0,1,1,0,0,0,1,0,0
0,1,0,0,0,1,0,1,0
0,1,1,0,1,0,1,0,1
0,1,1,0,0,0,0,0,0
0,1,0,1,0,1,0,0,0
0,1,1,1,0,0,0,1,0
1,1,0,1,1,0,1,1,1
1,1,0,1,0,0,1,0,0
0,0,0,1,1,0,0,1,1
0,0,0,0,0,1,0,0,0
0,1,0,0,0,0,1,0,1
0,1,0,1,0,1,1,1,1
0,0,1,1,0,1,0,0,0
1,0,0,1,0,1,0,1,0
0,1,1,0,0,0,1,1,1
0,1,0,0,0,0,0,0,0
0,0,0,1,0,1,0,1,0
0,1,0,1,0,1,0,0,1
0,1,1,0,0,0,0,0,1
0,0,0,1,0,1,0,1,1
0,0,0,0,0,0,0,0,0
0,1,0,0,1,0,0,1,1
0,0,0,1,0,0,0,0,0
0,1,0,1,0,0,1,0,1
0,0,0,1,0,0,0,0,0
0,1,0,0,1,0,0,0,1
0,0,1,1,1,1,0,0,0
0,0,0,1,1,0,0,0,0
0,0,0,0,0,0,0,0,0
1,0,0,0,1,0,0,1,0
0,0,0,0,0,0,0,0,0
1,0,1,1,0,1,0,0,0
1,0,1,0,0,0,0,0,0
1,1,0,0,0,0,1,1,1
0,0,0,0,1,0,0,1,0
0,1,1,0,0,0,0,1,0
1,1,0,1,1,0,0,0,0
0,0,0,0,0,0,0,1,1
1,0,1,1,0,1,0,0,1
0,0,0,0,0,1,0,0,0
0,1,0,1,0,0,1,1,1
0,1,1,0,0,0,1,1,1
0,1,0,0,0,0,0,0,0
0,1,1,0,1,0,1,1,0
1,0,0,1,0,1,0,0,0
0,0,1,1,0,0,0,1,1
0,1,1,0,1,0,1,0,0
0,1,0,0,1,0,1,0,0
0,0,0,0,1,0,0,1,0
0,1,0,1,1,0,0,0,0
0,1,0,0,0,0,1,0,0
0,0,1,0,1,0,0,0,1
0,1,1,1,0,0,0,1,1
0,1,1,0,0,0,1,0,1
0,1,0,0,1,0,0,1,0
0,0,1,1,0,1,0,0,1
0,0,0,1,1,0,0,0,0
1,1,1,0,0,0,0,1,0
0,0,0,0,0,0,0,1,0
0,1,0,0,0,0,0,1,0
0,0,1,0,0,0,0,0,0
0,1,0,0,0,0,1,1,1
1,0,1,1,0,0,0,0,0
0,1,0,0,1,1,1,1,0
0,0,0,0,0,0,0,0,0
1,0,0,0,0,0,0,1,1
0,0,0,1,1,0,0,0,1
0,0,0,1,1,1,0,0,0
0,1,1,1,0,1,1,0,1
0,0,1,1,0,0,0,0,0
1,0,1,1,0,1,0,1,0
1,1,1,1,0,1,0,0,1
0,1,1,0,0,0,1,1,0
0,1,0,0,0,1,0,0,0
0,0,0,1,1,0,0,0,0
0,1,0,1,0,1,1,1,1
0,1,0,0,1,0,1,0,1
0,1,1,0,0,0,1,1,1
1,0,0,0,0,0,0,0,0
0,0,0,0,0,0,0,0,0
0,0,1,0,0,0,0,1,1
0,0,0,0,0,0,0,0,0
1,0,1,1,0,1,0,0,0
0,1,0,0,0,0,1,1,1
0,1,0,1,0,0,0,0,0
1,0,0,0,0,0,0,1,0
0,0,0,1,0,0,0,1,0
0,0,1,0,0,0,0,0,0
0,0,0,0,1,0,0,0,0
0,1,0,0,1,0,0,0,0
0,0,0,1,0,0,0,1,0
1,1,0,1,0,1,1,0,0
0,0,0,0,0,0,0,0,0
0,0,0,0,0,0,0,1,1
1,1,0,1,0,0,1,0,1
1,1,0,0,0,0,0,1,0
0,1,0,1,1,0,1,0,1
0,1,0,0,0,0,0,0,0
0,0,0,0,1,0,0,0,0
0,1,1,0,1,0,0,0,1
0,0,1,1,0,0,0,0,0
0,0,0,1,1,0,0,1,0
0,1,0,1,0,1,1,0,1
1,1,0,0,0,0,1,1,1
1,0,0,0,0,0,0,0,0
0,1,0,1,1,1,1,1,1
1,1,0,0,1,0,1,0,1
0,1,0,0,0,0,0,0,0
0,1,1,1,0,1,1,0,1
0,1,0,0,0,0,0,0,0
0,1,0,0,1,0,0,1,0
1,0,0,0,0,1,0,1,1
0,0,0,0,0,0,0,0,1
0,0,0,0,0,0,0,1,0
0,0,0,0,0,0,0,0,0
0,1,0,0,0,0,0,0,0
0,1,1,0,0,0,0,0,0
0,1,0,1,0,1,0,0,0
1,0,0,0,0,0,0,1,0
0,1,0,0,0,0,1,0,1
0,1,0,0,1,0,0,1,0
0,1,0,0,0,0,1,0,0
0,0,1,0,0,0,0,1,1
0,1,0,0,1,0,1,0,1
0,1,0,0,0,0,0,0,1
0,0,0,0,1,0,0,1,0
0,1,0,0,1,0,0,1,1
0,0,0,0,0,0,0,0,0
0,1,0,0,1,0,1,0,0
0,0,1,1,0,1,0,0,0
1,1,0,1,0,1,1,0,0
0,0,1,0,0,0,0,0,0
0,0,0,0,0,1,0,0,0
1,1,0,1,0,1,0,0,1
0,0,0,1,1,1,0,1,0
0,1,0,0,0,0,1,0,1
0,1,0,1,0,0,0,0,0
0,0,0,1,0,0,0,0,0
0,0,0,1,0,1,0,0,0
0,0,1,0,1,0,0,1,0
0,0,0,0,0,0,0,0,0
0,0,0,0,1,0,0,0,0
0,1,0,1,1,1,0,0,0
0,1,1,0,0,0,0,0,0
0,1,0,1,0,0,1,0,0
0,0,0,0,0,0,0,0,1
1,1,0,1,0,1,0,0,0
0,0,0,1,0,0,0,0,0
0,1,0,1,0,1,1,0,0
0,1,0,0,0,0,0,0,0
0,1,1,1,1,0,1,0,1
0,1,0,0,0,0,1,1,1
0,0,0,0,0,0,0,1,1
0,0,0,0,1,0,0,0,1
0,1,0,1,0,1,0,0,0
0,1,0,0,0,0,0,0,0
0,1,1,0,1,0,1,0,1
0,0,0,0,0,0,0,0,0
1,1,0,0,0,0,0,0,0
1,0,0,0,1,0,0,1,1
0,1,0,0,0,0,0,1,1
0,1,0,0,0,0,0,1,0
0,1,1,0,0,0,0,1,1
0,1,0,1,0,0,0,0,0
1,1,0,0,0,0,1,0,1
0,0,1,0,0,0,0,0,0
0,0,0,1,1,0,0,0,0
0,0,0,1,1,0,0,0,0
0,0,1,1,0,0,0,0,0
0,1,0,1,0,1,0,0,0
0,1,0,0,0,0,0,0,1
1,1,0,1,0,1,0,0,1
0,0,0,1,0,1,0,1,0
0,0,1,1,1,1,0,1,0
0,0,0,0,0,0,0,0,0
0,1,0,0,0,0,1,0,1
1,0,0,1,0,1,0,0,0
1,1,1,0,1,0,0,0,0
0,1,1,0,0,0,1,1,1
0,0,0,0,0,1,0,1,0
0,1,0,1,1,0,1,1,1
0,0,0,0,0,1,0,0,1
0,1,0,1,0,1,0,0,0
1,0,1,1,0,1,0,0,1
0,1,0,0,1,1,0,0,0
0,0,1,1,0,0,0,0,0
0,1,0,1,0,1,1,0,0
0,0,1,1,0,1,0,1,0
0,0,0,1,1,0,0,0,0
1,0,0,0,0,0,0,0,0
0,1,0,0,0,0,0,0,0
0,0,0,0,0,1,0,0,1
0,1,0,1,0,1,0,0,0
0,0,0,1,0,1,0,0,1
1,0,0,0,0,0,0,0,1
0,0,1,0,0,0,0,1,0
0,0,0,1,1,0,0,0,1
0,1,0,0,0,0,1,0,1
0,1,0,0,0,0,1,1,1
1,1,0,0,0,0,1,0,1
1,1,0,1,0,1,1,0,1
1,1,0,0,0,0,0,0,0
0,1,1,0,0,0,1,1,0
0,0,0,1,0,1,0,0,1
0,0,1,1,0,0,0,0,1
1,1,1,0,0,0,0,0,0
0,0,0,0,0,0,0,0,0
0,0,0,0,0,0,0,0,0
1,0,0,0,0,0,0,0,0
0,1,0,0,0,0,1,0,1
0,1,0,1,0,0,1,0,1
0,0,0,0,0,1,0,0,0
1,0,1,0,0,0,0,1,0
0,0,0,1,0,1,0,1,0
1,1,1,1,1,1,1,0,1
0,0,0,1,0,0,0,0,0
0,0,1,1,0,1,0,0,0
1,1,0,0,0,0,0,0,0
0,0,0,0,1,0,0,0,1
1,1,0,1,0,1,0,0,0
0,0,0,1,0,1,0,0,0
0,1,1,0,0,0,0,0,0
0,0,1,1,0,1,0,0,0
0,0,0,0,0,0,0,0,1
0,1,0,0,0,0,1,1,1
0,0,0,0,0,0,0,1,0
1,1,0,0,0,0,0,0,0
0,0,0,1,0,0,0,0,0
1,0,0,0,1,0,0,0,1
0,0,0,0,1,0,0,0,0
1,0,0,0,1,0,0,0,0
0,0,0,1,0,0,0,1,0
0,1,0,0,1,0,1,0,1
0,1,0,0,0,0,1,0,1
0,1,1,0,0,0,0,0,0
0,0,1,1,0,1,0,0,0
0,1,0,0,1,0,0,0,0
0,0,0,0,1,0,0,0,0
0,0,0,0,0,0,0,0,0
0,1,0,0,0,0,1,1,1
1,1,0,0,1,0,0,0,1
0,0,0,0,0,0,0,0,0
0,0,0,1,1,0,0,0,1
0,1,0,0,1,0,0,0,1
0,1,0,0,0,0,0,0,0
0,1,0,0,0,0,0,1,1
0,0,0,0,1,0,0,0,0
0,0,1,1,1,1,0,1,1
0,1,0,0,0,0,1,0,0
0,1,0,0,1,0,1,0,1
0,0,1,0,1,0,0,0,1
0,1,0,0,0,0,0,1,0
0,0,1,0,0,0,0,0,0
0,0,0,1,1,1,0,0,0
0,1,0,0,1,0,0,1,1
0,0,0,1,0,0,0,0,0
0,1,0,1,0,1,0,0,0
0,0,0,1,1,1,0,0,0
0,0,0,0,0,0,0,1,0
0,0,0,0,1,0,0,0,0
0,0,1,1,1,0,0,1,0
1,0,1,0,0,0,0,1,0
1,1,1,1,1,0,1,0,0
0,0,0,0,0,0,0,0,0
0,1,1,1,0,0,1,0,1
0,1,0,0,1,0,0,0,1
1,0,0,1,0,1,0,0,1
0,0,1,0,0,0,0,0,0
0,1,0,0,0,0,1,0,1
1,1,0,0,0,0,0,0,0
0,0,0,1,1,0,0,1,1
0,0,0,0,0,0,0,0,0
0,1,0,1,0,1,1,0,0
0,1,0,0,0,1,1,0,1
0,0,0,1,0,1,0,0,1
1,0,0,1,1,1,0,0,0
0,0,1,0,0,1,0,0,0
0,1,1,1,0,0,0,0,0
0,1,0,0,1,0,1,1,0
1,0,0,1,0,0,0,1,0
1,1,1,0,0,0,0,0,0
1,0,0,0,0,0,0,0,0
0,1,0,1,0,0,0,0,0
0,0,0,1,0,1,0,0,0
0,0,1,1,0,0,0,0,0
0,0,0,0,1,0,0,1,1
0,0,0,0,0,1,0,0,0
1,1,0,1,0,0,1,0,0
0,0,1,0,0,0,0,0,0
0,0,0,0,0,0,0,1,1
1,1,0,1,0,1,1,0,1
1,0,0,0,0,0,0,1,0
1,1,0,1,0,0,1,0,0
0,0,1,0,1,0,0,0,0
0,1,0,1,1,0,1,0,1
1,1,0,0,0,0,1,0,1
1,1,0,0,1,0,1,0,1
1,1,0,0,0,0,0,0,0
0,0,0,0,0,0,0,0,0
0,0,0,0,0,0,0,1,0
0,0,1,0,0,0,0,1,0
0,0,0,1,0,0,0,1,0
0,0,1,1,0,1,0,0,1
0,0,1,0,0,0,0,0,0
1,0,0,1,0,1,0,0,0
0,1,0,0,0,0,0,0,1
0,0,0,0,0,0,0,0,1
0,1,1,0,0,0,1,1,1
0,0,0,0,0,0,0,0,0
1,0,0,0,1,1,0,0,1
0,0,0,1,0,0,0,0,1
0,1,0,0,0,0,0,0,0
1,1,0,0,0,0,0,0,0
0,1,0,1,0,1,0,0,1
0,0,1,1,0,1,0,0,0
1,1,1,0,0,0,1,0,1
0,0,0,0,0,0,0,0,1
0,1,0,1,1,1,0,0,0
0,1,1,0,0,0,0,0,0
0,0,0,0,0,0,0,0,1
0,1,1,1,0,0,0,0,0
1,0,0,1,0,1,0,0,0
0,0,1,0,1,0,0,0,0
1,1,0,1,1,0,0,1,1
1,1,1,0,0,1,1,0,0
0,0,0,1,0,1,0,0,0
0,0,0,1,0,1,0,0,0
0,0,0,0,0,0,0,0,0
0,0,0,1,0,0,0,0,0
0,1,0,1,0,0,1,0,1
1,1,0,1,0,0,1,1,1
0,1,0,0,0,0,0,0,1
0,1,1,1,0,1,1,0,1
0,0,0,1,0,0,0,0,1
1,1,0,1,0,1,0,1,1
0,1,0,0,0,1,1,0,1
0,1,0,1,1,0,1,0,1
0,1,1,1,0,0,0,0,0
0,0,0,0,0,0,0,0,0
0,0,1,1,0,1,0,0,0
0,1,0,1,0,0,1,0,1
1,1,0,0,1,0,1,0,1
0,0,0,1,0,0,0,1,1
0,0,0,0,0,0,0,0,1
1,1,0,1,1,0,0,1,0
0,1,0,1,0,0,1,0,1
0,0,0,0,0,0,0,0,0
1,1,0,0,0,0,0,0,0
0,0,0,1,0,0,0,1,1
0,1,0,1,0,1,1,0,0
1,0,1,1,0,0,0,0,0
1,1,0,1,0,1,0,0,0
0,0,0,1,0,0,0,0,0
1,0,1,1,0,1,0,1,0
1,0,0,0,0,0,0,1,1
1,0,0,0,0,0,0,0,0
1,0,0,1,0,0,0,1,1
0,1,0,0,1,0,0,0,0
0,0,0,1,0,1,0,0,0
0,0,0,1,0,0,0,0,0
0,1,0,0,0,0,0,0,0
0,1,0,0,1,0,1,1,1
0,1,0,0,0,0,1,0,1
0,0,0,0,1,1,0,0,0
1,1,0,0,0,0,0,0,0
1,0,0,0,0,0,0,0,1
0,1,1,1,1,1,1,0,1
1,0,0,1,0,1,0,0,0
1,1,0,1,0,0,0,0,0
1,0,1,1,1,1,0,0,1
0,0,1,0,0,0,0,0,0
0,0,0,0,1,1,0,0,1
0,0,0,0,1,0,0,1,1
0,0,0,0,0,0,0,1,0
1,1,0,0,0,0,1,0,0
0,0,1,0,0,0,0,0,0
0,0,0,0,0,0,0,1,0
1,1,1,0,0,0,1,0,1
0,0,0,0,0,0,0,0,0
0,0,0,0,0,0,0,0,1
0,0,0,0,0,0,0,0,0
0,1,0,0,0,0,1,1,1
1,1,0,1,1,0,1,1,0
0,0,1,1,0,1,0,0,0
0,1,1,0,1,1,1,0,1
1,1,0,0,0,0,0,0,0
1,0,1,0,0,0,0,1,0
0,1,0,0,0,0,0,1,0
0,0,0,0,0,0,0,1,0
0,0,1,1,1,1,0,0,0
0,0,1,1,0,1,0,0,0
0,0,0,0,0,0,0,0,0
0,0,0,0,0,0,0,1,0
1,0,0,1,0,0,0,0,1
0,1,0,1,1,1,0,0,1
0,1,0,0,1,0,0,0,0
0,1,0,0,1,0,0,1,0
0,1,0,1,0,1,0,0,0
1,1,0,1,0,0,0,0,0
0,1,1,1,0,1,1,0,1
0,1,0,0,0,0,1,0,1
0,0,1,0,0,0,0,0,1
1,0,0,0,0,0,0,0,0
0,1,0,1,1,1,1,0,1
1,0,0,1,0,1,0,1,0
0,0,0,0,0,0,0,0,1
0,0,0,0,0,0,0,0,0
0,0,1,0,0,0,0,0,0
1,1,0,0,0,0,1,0,1
1,1,0,0,0,0,0,0,0
0,0,0,0,0,0,0,1,0
0,0,0,1,0,0,0,0,0
0,0,0,1,0,1,0,1,0
1,0,0,1,0,1,0,0,0
1,0,0,0,1,0,0,0,0
0,1,0,0,0,0,0,0,1
0,1,0,1,1,0,1,0,0
1,0,0,0,0,0,0,0,1
0,0,1,0,0,0,0,1,0
0,1,1,0,1,0,1,1,1
0,0,0,1,0,1,0,0,0
1,1,0,1,1,1,1,0,1
0,0,0,1,1,0,0,0,1
0,1,0,1,0,0,0,1,0
0,0,0,1,1,1,0,0,0
0,1,1,0,0,1,1,1,1
0,1,1,0,1,0,1,0,1
0,1,0,1,0,1,0,1,0
1,0,1,1,1,1,0,0,0
0,0,1,0,0,0,0,0,1
0,0,1,0,0,0,0,1,0
0,0,1,0,0,0,0,0,1
0,0,1,0,0,0,0,0,1
0,0,1,0,0,0,0,0,1
0,0,1,1,0,1,0,0,0
0,0,0,1,1,1,0,0,0
0,1,0,1,0,1,0,0,0
0,0,1,0,0,0,0,1,0
1,0,0,1,0,1,0,0,0
0,1,0,0,0,0,1,0,1
1,1,1,1,0,0,1,1,1
0,0,0,1,1,0,0,0,0
1,1,0,1,0,0,1,0,1
0,1,0,1,0,1,0,0,0
1,0,1,0,0,0,0,0,0
0,1,1,0,0,0,1,0,1
0,1,0,0,0,1,0,0,0
0,1,0,0,0,0,1,0,0
0,0,0,0,0,0,0,0,0
1,0,0,0,0,0,0,1,1
1,1,0,1,0,0,1,0,1
0,0,0,0,1,1,0,0,0
0,1,0,0,1,1,1,0,1
0,0,0,1,0,1,0,0,0
0,1,0,1,0,1,0,0,0
1,0,1,0,0,0,0,0,1
0,1,0,1,0,0,1,0,1
0,0,0,0,0,0,0,0,0
0,0,0,0,1,0,0,1,0
0,0,1,0,0,0,0,0,0
0,0,1,0,0,0,0,0,0
0,1,1,0,0,0,0,0,0
0,0,0,1,0,0,0,0,0
1,0,1,1,0,1,0,1,0
0,1,0,0,0,0,1,0,0
0,0,0,1,1,0,0,0,0
0,1,0,0,1,0,0,0,0
0,0,0,0,1,0,0,0,1
0,0,0,1,0,1,0,0,0
0,1,0,1,1,1,0,0,1
0,0,0,0,0,0,0,0,0
0,0,0,1,0,1,0,1,0
1,1,1,0,0,0,0,0,0
0,0,0,1,1,1,0,0,0
0,1,0,1,0,0,1,0,1
0,0,1,0,0,0,0,0,0
0,1,0,1,0,0,1,0,0
1,1,0,1,0,0,0,1,0
0,1,1,1,0,1,1,0,0
0,1,0,1,1,1,0,1,0
0,0,1,1,1,0,0,1,0
0,1,1,0,0,0,1,0,0
1,0,1,1,0,1,0,0,1
0,0,0,1,1,0,0,0,0
0,1,0,0,0,0,1,0,1
0,0,0,1,1,1,0,0,0
1,0,0,1,1,0,0,1,1
0,1,0,0,0,1,0,1,0
0,0,0,0,1,0,0,1,0
0,0,0,0,0,0,0,0,0
0,1,0,0,0,1,1,0,1
0,0,0,1,0,0,0,0,0
0,1,1,1,0,1,1,1,1
0,0,1,0,1,0,0,0,0
0,0,0,1,0,1,0,0,0
1,0,0,0,0,0,0,0,0
0,0,1,0,0,0,0,0,0
0,1,0,1,0,1,1,0,1
0,1,0,0,0,0,1,0,1
0,1,0,0,1,0,1,0,0
0,1,0,1,0,1,0,0,0
0,0,0,0,0,0,0,0,0
0,1,1,0,0,0,0,0,0
0,0,0,1,1,1,0,0,1
0,0,0,1,0,1,0,0,1
0,1,0,0,0,0,1,0,1
1,1,0,0,0,0,0,0,1
0,1,0,0,0,0,1,0,1
0,0,0,1,1,0,0,1,1
0,0,0,0,1,0,0,0,0
0,1,0,1,0,1,1,0,1
0,1,0,1,0,1,1,0,1
1,1,1,1,0,1,0,1,0
0,0,1,0,1,0,0,1,0
1,0,0,1,1,0,0,0,1
0,0,0,0,0,0,0,0,1
0,0,0,1,0,0,0,0,0
0,1,0,0,0,0,1,0,1
0,0,1,0,0,0,0,0,0
0,1,1,0,0,0,0,0,0
0,1,0,0,0,0,1,0,1
0,0,1,1,1,1,0,1,0
0,1,0,0,0,0,1,0,1
0,1,0,0,0,0,1,0,0
0,1,1,0,0,1,1,1,1
0,1,1,0,1,0,0,0,0
1,1,1,0,0,0,1,0,0
0,0,0,0,1,0,0,1,0
0,1,0,0,0,1,0,0,0
0,1,1,0,0,0,0,0,0
1,1,0,0,1,0,1,0,1
1,0,1,0,1,1,0,0,0
0,1,0,1,0,0,1,0,1
0,0,1,1,0,1,0,0,1
0,0,0,0,0,0,0,0,0
0,1,1,0,0,1,1,0,1
0,0,0,1,0,1,0,0,0
0,0,1,1,0,0,0,0,0
0,0,0,0,0,0,0,0,1
0,0,0,1,1,1,0,1,0
1,1,0,0,0,0,0,0,0
0,0,1,0,0,0,0,0,0
0,1,1,0,0,0,1,0,0
0,1,0,0,0,0,0,1,0
0,1,0,1,0,0,0,1,0
0,1,0,0,1,0,0,0,0
1,1,0,0,0,0,1,0,0
0,1,1,0,0,0,1,1,1
0,0,0,1,0,0,0,0,1
1,0,1,0,0,0,0,1,1
0,1,0,0,0,0,1,1,1
0,0,0,0,0,1,0,0,1
1,0,0,1,0,0,0,1,1
0,1,0,0,0,0,1,0,0
0,1,0,0,0,1,1,0,0
0,0,0,0,0,0,0,0,0
1,0,0,0,1,0,0,0,1
0,0,0,1,0,0,0,0,0
1,0,1,1,1,0,0,0,0
0,0,0,0,1,0,0,1,0
0,1,1,0,0,0,1,0,1
0,1,0,1,0,1,1,0,1
0,0,1,1,1,0,0,0,0
1,1,1,1,0,0,1,1,1
1,1,1,0,0,0,0,0,0
1,1,0,1,0,0,1,0,0
0,0,0,1,0,1,0,0,0
0,0,1,1,0,0,0,0,0
0,1,0,0,0,0,1,0,1
0,1,0,1,0,0,0,0,1
0,0,0,0,0,0,0,0,1
0,0,0,1,0,1,0,0,1
0,1,1,0,0,0,1,0,0
1,0,0,0,0,0,0,0,0
0,0,1,1,0,1,0,1,1
0,0,0,1,1,0,0,1,1
1,1,0,0,0,0,1,1,1
0,0,0,0,1,1,0,1,0
0,1,0,0,0,0,0,0,0
1,0,1,0,0,0,0,1,0
0,1,1,0,0,0,0,0,0
0,1,1,1,0,1,1,0,1
1,0,0,1,0,1,0,1,0
0,1,0,0,0,0,0,0,0
1,1,1,1,0,1,1,0,1
0,0,0,1,0,0,0,0,0
1,0,0,1,1,1,0,0,1
0,0,0,0,1,1,0,1,1
1,1,0,0,0,0,0,0,0
0,0,0,0,1,1,0,0,1
0,1,1,0,0,0,0,0,1
1,1,1,1,0,0,1,0,1
0,1,0,0,0,0,0,0,0
0,1,1,1,1,1,1,0,1
0,0,0,1,0,1,0,0,0
0,0,1,0,1,1,0,0,1
1,0,1,1,0,1,0,0,0
1,0,0,0,0,0,0,0,0
0,0,0,0,0,0,0,1,0
0,1,1,1,1,0,1,0,0
1,0,1,0,0,1,0,0,0
1,1,0,1,0,1,1,0,0
0,1,0,1,0,1,1,1,1
0,0,1,0,1,0,0,1,1
0,0,1,0,0,0,0,0,0
0,1,0,1,1,0,0,0,0
0,0,0,0,1,0,0,0,0
0,0,1,1,0,1,0,0,1
0,0,1,0,0,0,0,1,0
0,1,0,0,1,0,1,0,1
0,1,1,0,0,0,0,0,0
0,1,0,0,1,0,0,0,0
0,1,0,0,0,0,1,0,1
1,1,0,1,0,1,0,0,0
1,0,0,1,1,1,0,0,0
0,0,0,0,0,0,0,0,0
0,0,0,0,0,0,0,0,0
0,0,0,0,0,0,0,0,0
1,0,0,1,0,0,0,1,0
0,1,0,1,0,1,1,0,1
1,0,0,0,0,0,0,0,0
0,0,0,0,0,0,0,1,1
1,0,0,1,0,1,0,0,1
0,1,1,0,0,0,0,1,0
0,1,0,0,0,0,1,0,1
0,0,0,0,0,1,0,0,1
1,0,1,1,1,1,0,0,1
0,0,0,1,1,1,0,0,0
0,1,0,0,0,0,0,0,0
0,1,1,1,0,1,1,0,0
0,0,1,0,0,0,0,0,0
0,0,1,0,0,0,0,0,1
0,1,0,1,1,1,1,0,1
0,0,1,0,1,0,0,0,0
0,1,0,1,0,0,1,0,1
0,1,0,0,1,0,0,0,0
0,0,0,1,0,0,0,0,0
1,0,0,0,0,0,0,0,0
0,0,0,1,1,1,0,1,0
0,0,1,1,0,0,0,0,0
0,1,0,0,0,1,0,0,0
0,0,0,1,1,0,0,0,1
0,0,0,0,1,0,0,1,0
0,0,0,0,0,0,0,0,0
1,0,0,1,0,0,0,0,0
0,1,0,0,0,0,1,1,0
1,0,0,0,0,0,0,0,0
0,1,1,0,1,0,1,0,1
1,1,0,0,0,1,1,1,1
0,1,0,0,0,0,0,0,0
0,1,0,0,0,0,0,0,0
0,1,0,0,0,0,0,0,0
0,0,1,0,1,1,0,0,1
0,0,0,0,0,0,0,0,1
0,1,1,1,0,0,1,1,1
0,0,0,1,0,1,0,1,0
0,0,0,0,0,1,0,1,1
0,0,0,0,0,0,0,0,0
1,0,0,1,0,0,0,0,0
1,1,0,0,1,0,0,1,1
0,0,1,0,1,0,0,0,0
0,1,0,0,0,0,1,0,0
0,0,0,1,0,1,0,0,0
1,1,0,0,0,0,1,1,1
0,1,0,0,1,0,1,1,0
1,0,0,0,0,0,0,1,1
0,1,1,0,0,0,0,0,1
0,1,0,0,0,0,0,0,0
0,1,0,1,0,0,0,0,0
0,1,1,0,0,0,1,1,1
0,0,1,1,1,1,0,0,0
0,1,0,0,0,0,0,0,0
0,1,0,1,1,1,1,1,1
0,1,1,0,0,1,1,0,1
1,0,1,1,0,0,0,0,0
0,1,0,0,0,0,1,0,1
0,1,0,1,1,0,0,0,0
0,1,1,0,0,0,0,0,0
0,1,1,1,0,1,1,0,1
1,1,0,1,0,0,0,0,0
0,0,0,1,0,0,0,0,0
0,1,0,0,1,1,1,0,1
1,0,0,1,0,1,0,0,1
0,0,0,1,1,1,0,0,0
1,1,0,0,1,0,1,0,1
0,0,0,0,0,0,0,1,0
0,0,0,0,0,1,0,0,0
1,1,0,0,0,0,0,0,0
0,1,1,0,0,0,0,0,0
0,0,0,0,1,0,0,0,1
0,0,0,0,1,0,0,1,0
1,1,0,0,1,0,1,1,1
0,1,0,1,0,1,1,0,0
0,0,0,1,0,0,0,0,0
1,0,0,0,0,0,0,0,0
0,0,0,1,0,0,0,0,0
1,0,0,0,0,0,0,0,1
0,1,1,1,0,0,1,0,1
0,1,0,0,0,0,0,0,0
1,1,0,0,0,0,1,0,1
0,0,0,1,0,0,0,0,0
0,1,0,0,0,0,1,1,0
0,0,0,0,0,0,0,1,0
0,0,1,1,0,0,0,0,0
0,0,0,1,0,1,0,1,0
1,1,0,1,0,1,0,0,1
0,1,0,0,1,0,0,0,1
1,0,0,0,0,0,0,0,1
1,1,0,1,0,1,0,0,0
0,0,0,0,0,0,0,0,1
0,0,0,0,0,0,0,1,0
0,0,1,0,0,0,0,0,0
1,0,0,1,0,1,0,0,1
1,0,1,0,0,0,0,0,1
0,1,0,1,0,0,1,0,1
0,0,0,1,0,0,0,0,0
1,1,0,1,0,0,0,1,0
0,0,1,0,0,0,0,0,0
0,0,0,0,0,0,0,0,0
0,0,0,0,0,0,0,1,0
1,0,0,0,1,0,0,0,1
1,0,0,0,0,0,0,0,1
0,0,0,1,0,0,0,1,1
0,0,0,1,0,0,0,0,1
0,1,1,0,0,0,0,0,0
0,1,0,1,0,0,1,0,1
0,0,0,1,0,0,0,1,0
0,0,0,0,0,1,0,0,0
0,1,1,0,1,0,0,0,0
1,0,0,1,0,0,0,0,1
0,0,0,1,1,1,0,0,0
0,0,0,1,1,0,0,1,1
0,0,0,0,0,1,0,0,0
0,0,0,0,0,0,0,1,0
0,0,0,0,0,0,0,0,0
1,0,0,0,0,0,0,1,0
0,0,0,1,1,1,0,0,0
0,0,0,0,0,1,0,0,0
0,1,0,0,0,0,0,0,1
0,1,0,0,0,0,0,0,0
0,0,0,1,1,1,0,1,0
0,1,0,0,1,0,0,0,0
1,0,1,0,1,1,0,0,1
0,1,0,0,0,0,0,0,0
0,1,0,1,1,0,1,1,1
1,0,0,0,0,0,0,1,0
0,0,1,0,0,0,0,0,1
